채널,위치,곡,근거
숏컷,1,유포리아닉 - SHORT CUT -,nolja_0814 3:49 프레임 판독 2026-08-25
숏컷,2,피닉스 오프닝 - SHORT CUT -,nolja_0814 3:49 프레임 판독 2026-08-25
숏컷,3,쥬핀 - SHORT CUT -,nolja_0814 3:49 프레임 판독 2026-08-25
숏컷,4,그로스 - SHORT CUT -,nolja_0814 3:51 프레임 판독 2026-08-25
숏컷,5,네오 카타르시스 - SHORT CUT -,nolja_0814 3:51 프레임 판독 2026-08-25
숏컷,6,힘 오브 골든 글로리 - SHORT CUT -,nolja_0814 3:51 프레임 판독 2026-08-25
숏컷,7,할로윈 파티 ~Multiverse~ - SHORT CUT -,nolja_0814 3:51 프레임 판독 2026-08-25
숏컷,8,스타드림 -Eurobeat Remix- - SHORT CUT -,nolja_0814 3:53 프레임 판독 2026-08-25
숏컷,9,프ㄹi마 마테ㄹi아 - SHORT CUT -,nolja_0814 3:53 프레임 판독 2026-08-25
숏컷,10,결투 - SHORT CUT -,nolja_0814 3:53 프레임 판독 2026-08-25
숏컷,11,머독 vs 오타다 - SHORT CUT -,nolja_0814 3:53 프레임 판독 2026-08-25
숏컷,12,솔브 마이 허트 - SHORT CUT -,nolja_0814 3:53 프레임 판독 2026-08-25
숏컷,13,패러독스 - SHORT CUT -,nolja_0814 3:55 프레임 판독 2026-08-25
숏컷,14,니알라토텝 - SHORT CUT -,nolja_0814 3:55 프레임 판독 2026-08-25
숏컷,15,웨딩 크래셔 - SHORT CUT -,nolja_0814 3:55 프레임 판독 2026-08-25
숏컷,16,캉-캉 ~Orpheus in The Party Mix~ - SHORT CUT -,nolja_0814 3:55 프레임 판독 2026-08-25
숏컷,17,XX 오프닝 - SHORT CUT -,nolja_0814 3:57 프레임 판독 2026-08-25
숏컷,18,아이 원트 유 - SHORT CUT -,nolja_0814 3:57 프레임 판독 2026-08-25
숏컷,19,포세이돈 - SHORT CUT -,nolja_0814 3:57 프레임 판독 2026-08-25
숏컷,20,스위트로닉 - SHORT CUT -,nolja_0814 3:59 프레임 판독 2026-08-25
숏컷,21,사라반드 - SHORT CUT -,nolja_0814 3:59 프레임 판독 2026-08-25
숏컷,22,프라임2 오프닝 - SHORT CUT -,nolja_0814 3:59 프레임 판독 2026-08-25
숏컷,23,슈브 니구라스 - SHORT CUT -,nolja_0814 4:01 프레임 판독 2026-08-25
숏컷,24,가장신자 - SHORT CUT -,nolja_0814 4:01 프레임 판독 2026-08-25
숏컷,25,슈퍼 판타지 - SHORT CUT -,nolja_0814 4:01 프레임 판독 2026-08-25
숏컷,26,요그 소토스 - SHORT CUT -,nolja_0814 4:04 프레임 판독 2026-08-25
숏컷,27,실루엣 이펙트 - SHORT CUT -,nolja_0814 4:04 프레임 판독 2026-08-25
숏컷,28,무브 댓 바디! - SHORT CUT -,nolja_0814 4:07 프레임 판독 2026-08-25
숏컷,29,프라임 오프닝 - SHORT CUT -,nolja_0814 4:07 프레임 판독 2026-08-25
숏컷,30,이그니스 패터스(DM Ashura 믹스) - SHORT CUT -,nolja_0814 4:07 프레임 판독 2026-08-25
숏컷,31,에프 에프 에프 - SHORT CUT -,nolja_0814 4:07 프레임 판독 2026-08-25
숏컷,32,유니크 - SHORT CUT -,nolja_0814 4:07 프레임 판독 2026-08-25
숏컷,33,유 갓 미 락킹 - SHORT CUT -,nolja_0814 4:10 프레임 판독 2026-08-25
숏컷,34,트롯프리스 - SHORT CUT -,nolja_0814 4:10 프레임 판독 2026-08-25
숏컷,35,클리너 - SHORT CUT -,nolja_0814 4:10 프레임 판독 2026-08-25
숏컷,36,테이크 아웃 - SHORT CUT -,nolja_0814 4:10 프레임 판독 2026-08-25
숏컷,37,오버블로우 - SHORT CUT -,nolja_0814 4:13 프레임 판독 2026-08-25
숏컷,38,파이널 오디션 2 - SHORT CUT -,nolja_0814 4:13 프레임 판독 2026-08-25
숏컷,39,파이널 오디션 3 - SHORT CUT -,nolja_0814 4:13 프레임 판독 2026-08-25
숏컷,40,파이널 오디션 에피소드 2-X - SHORT CUT -,nolja_0814 4:13 프레임 판독 2026-08-25
숏컷,41,러브 이즈 어 데인저 존 - SHORT CUT -,nolja_0814 4:16 프레임 판독 2026-08-25
숏컷,42,러브 이즈 어 데인저 존 pt.2 - SHORT CUT -,nolja_0814 4:16 프레임 판독 2026-08-25
숏컷,43,엑스트라바간자 - SHORT CUT -,nolja_0814 4:16 프레임 판독 2026-08-25
숏컷,44,치킨 윙 - SHORT CUT -,nolja_0814 4:16 프레임 판독 2026-08-25
숏컷,45,윈터 - SHORT CUT -,nolja_0814 4:19 프레임 판독 2026-08-25
숏컷,46,무혼 2 - SHORT CUT -,nolja_0814 4:19 프레임 판독 2026-08-25
숏컷,47,월광 - SHORT CUT -,nolja_0814 4:19 프레임 판독 2026-08-25
숏컷,48,위치 닥터 - SHORT CUT -,nolja_0814 4:23 프레임 판독 2026-08-25
숏컷,49,익시드2 오프닝 - SHORT CUT -,nolja_0814 4:23 프레임 판독 2026-08-25
숏컷,50,NX 오프닝 - SHORT CUT -,nolja_0814 4:23 프레임 판독 2026-08-25
숏컷,51,케이.오.에이 : 엘리스 인 원더월드 - SHORT CUT -,nolja_0814 4:24 프레임 판독 2026-08-25
숏컷,52,비메라 - SHORT CUT -,nolja_0814 4:24 프레임 판독 2026-08-25
숏컷,53,펌트리스 8비트 ver. - SHORT CUT -,nolja_0814 4:24 프레임 판독 2026-08-25
숏컷,54,데스티네이션 - SHORT CUT -,nolja_0814 4:24 프레임 판독 2026-08-25
숏컷,55,셀피쉬니스 - SHORT CUT -,nolja_0814 4:24 프레임 판독 2026-08-25
숏컷,57,스타더스트 오버드라이브 - SHORT CUT -,nolja_0814 4:30 프레임 판독 2026-08-25
숏컷,58,팝 더 트랙 - SHORT CUT -,nolja_0814 4:30 프레임 판독 2026-08-25
숏컷,59,파사칼리아 - SHORT CUT -,nolja_0814 4:30 프레임 판독 2026-08-25
숏컷,60,엑스 레이브 - SHORT CUT -,nolja_0814 4:30 프레임 판독 2026-08-25
숏컷,61,사월 - SHORT CUT -,nolja_0814 4:30 프레임 판독 2026-08-25
숏컷,62,히페리온 - SHORT CUT -,nolja_0814 4:30 프레임 판독 2026-08-25
숏컷,56,락 더 하우스 - SHORT CUT -,사용자 화면 판독 2026-08-25 (55·57 이 프레임 직독이라 사이가 확정)
풀송,1,굿 나이트 - FULL SONG -,nolja_0814 7:36 프레임 판독 2026-08-25 (방문2)
풀송,2,풀 문 - FULL SONG -,nolja_0814 7:37 프레임 판독 2026-08-25 (방문2)
풀송,3,체이스 미 - FULL SONG -,nolja_0814 7:38 프레임 판독 2026-08-25 (방문2)
풀송,4,디그니티 - FULL SONG -,nolja_0814 7:39 프레임 판독 2026-08-25 (방문2)
풀송,5,파파시토 (feat. KuTiNA) - FULL SONG -,nolja_0814 7:39 프레임 판독 2026-08-25 (방문2)
풀송,6,무브 댓 바디! - FULL SONG -,nolja_0814 7:41 프레임 판독 2026-08-25 (방문2)
풀송,7,인터퍼런스 - FULL SONG -,nolja_0814 7:41 프레임 판독 2026-08-25 (방문2)
풀송,8,젓가락 변주곡 - FULL SONG -,nolja_0814 7:42 프레임 판독 2026-08-25 (방문2)
풀송,9,러브 이즈 어 데인저 존 2 - FULL SONG -,nolja_0814 7:42 프레임 판독 2026-08-25 (방문2)
풀송,10,비트 오브 더 워 2 - FULL SONG -,nolja_0814 7:44 프레임 판독 2026-08-25 (방문2)
풀송,11,캐논 디 - FULL SONG -,nolja_0814 7:44 프레임 판독 2026-08-25 (방문2)
풀송,12,알레그로 콘 뿌오코 - FULL SONG -,nolja_0814 7:44 프레임 판독 2026-08-25 (방문2)
풀송,13,8 6 - FULL SONG -,nolja_0814 7:46 프레임 판독 2026-08-25 (방문2)
풀송,14,바로크 바이러스 - FULL SONG -,nolja_0814 7:46 프레임 판독 2026-08-25 (방문2)
풀송,15,가고일 - FULL SONG -,nolja_0814 7:47 프레임 판독 2026-08-25 (방문2)
풀송,16,허쉬 - FULL SONG -,nolja_0814 7:36 프레임 판독 2026-08-25 (방문2)
풀송,17,배드 애플!! feat. Nomico - FULL SONG -,nolja_0814 7:36 프레임 판독 2026-08-25 (방문2)
리믹스,1,디스트릭트 V,nolja_0814 7:51 프레임 판독 2026-08-25 (채널 크기 38)
리믹스,2,하늘다람쥐,nolja_0814 7:51 프레임 판독 2026-08-25 (채널 크기 38)
리믹스,3,데사파레세르,nolja_0814 7:52 프레임 판독 2026-08-25 (채널 크기 38)
리믹스,4,에러코드: 0,nolja_0814 7:53 프레임 판독 2026-08-25 (채널 크기 38)
리믹스,5,메테오 사이언스 (GADGET mix),nolja_0814 7:54 프레임 판독 2026-08-25 (채널 크기 38) · 이름은 서열표 정본으로 폄(화면 라벨이 잘려 있었다)
리믹스,6,파이어 누들 챌린지,nolja_0814 7:54 프레임 판독 2026-08-25 (채널 크기 38)
리믹스,7,불카누스,nolja_0814 7:55 프레임 판독 2026-08-25 (채널 크기 38)
리믹스,8,슈브 소토스,nolja_0814 7:55 프레임 판독 2026-08-25 (채널 크기 38)
리믹스,9,리더,nolja_0814 7:57 프레임 판독 2026-08-25 (채널 크기 38)
리믹스,10,베토벤 인플루엔자,nolja_0814 7:57 프레임 판독 2026-08-25 (채널 크기 38)
리믹스,11,아발란퀴엠,nolja_0814 7:59 프레임 판독 2026-08-25 (채널 크기 38)
리믹스,12,패러독스,nolja_0814 7:59 프레임 판독 2026-08-25 (채널 크기 38)
리믹스,13,와라유도인?,nolja_0814 8:00 프레임 판독 2026-08-25 (채널 크기 38)
리믹스,14,진공 청소기,nolja_0814 8:01 프레임 판독 2026-08-25 (채널 크기 38)
리믹스,15,에브리바디 갓 투 노우,nolja_0814 8:02 프레임 판독 2026-08-25 (채널 크기 38)
리믹스,16,반야 프로덕션 클래식 리믹스,nolja_0814 8:03 프레임 판독 2026-08-25 (채널 크기 38)
리믹스,17,파파 헬로이징,nolja_0814 8:04 프레임 판독 2026-08-25 (채널 크기 38)
리믹스,18,반야 프로덕션 클래식 리믹스 2,nolja_0814 8:04 프레임 판독 2026-08-25 (채널 크기 38)
리믹스,19,셋업 미투 믹스,nolja_0814 8:05 프레임 판독 2026-08-25 (채널 크기 38)
리믹스,20,엠.에스.군 리믹스 파트.6,nolja_0814 8:05 프레임 판독 2026-08-25 (채널 크기 38)
리믹스,21,사람들은 펌핑업을 몰랐다네,nolja_0814 8:07 프레임 판독 2026-08-25 (채널 크기 38) · 이름은 서열표 정본으로 폄(화면 라벨이 잘려 있었다)
리믹스,22,미운 오리 토카타,nolja_0814 8:08 프레임 판독 2026-08-25 (채널 크기 38)
리믹스,23,카프리스 오브 디제이 오타다,nolja_0814 8:09 프레임 판독 2026-08-25 (채널 크기 38) · 이름은 서열표 정본으로 폄(화면 라벨이 잘려 있었다)
리믹스,24,닥터 케이오에이,nolja_0814 8:09 프레임 판독 2026-08-25 (채널 크기 38)
리믹스,25,터키 바이러스,nolja_0814 8:10 프레임 판독 2026-08-25 (채널 크기 38)
리믹스,26,반야-P 기타 리믹스,nolja_0814 8:11 프레임 판독 2026-08-25 (채널 크기 38)
리믹스,27,머니 핑거즈,nolja_0814 8:11 프레임 판독 2026-08-25 (채널 크기 38)
리믹스,28,위엑닥바,nolja_0814 8:13 프레임 판독 2026-08-25 (채널 크기 38)
리믹스,29,비메라,nolja_0814 8:13 프레임 판독 2026-08-25 (채널 크기 38)
리믹스,30,반야-P 클래식 리믹스,nolja_0814 8:13 프레임 판독 2026-08-25 (채널 크기 38)
리믹스,31,러브 이즈 어 데인저 존 2 Try To B.P.M,nolja_0814 8:14 프레임 판독 2026-08-25 (채널 크기 38) · 이름은 사용자 확인 2026-08-25 (화면 라벨이 잘려 있었다)
리믹스,32,트림 북 오브 더 워,nolja_0814 8:14 프레임 판독 2026-08-25 (채널 크기 38)
리믹스,33,반야 클래식 리믹스,nolja_0814 8:16 프레임 판독 2026-08-25 (채널 크기 38)
리믹스,34,반야 힙합 리믹스,nolja_0814 8:16 프레임 판독 2026-08-25 (채널 크기 38)
리믹스,35,엑스트라 반야 리믹스,nolja_0814 8:18 프레임 판독 2026-08-25 (채널 크기 38)
리믹스,36,리피토먼트 리믹스,nolja_0814 8:18 프레임 판독 2026-08-25 (채널 크기 38)
리믹스,37,프라임 타임,nolja_0814 8:19 프레임 판독 2026-08-25 (채널 크기 38)
리믹스,38,인피니티 리믹스,nolja_0814 8:19 프레임 판독 2026-08-25 (채널 크기 38)
