위치,곡,인원,확신
1,빌려온 고양이,2,◎
2,뱅 뱅,,○
3,스톰,3,◎
4,비행기,,○
5,풀 문,,○
6,타이밍,,○
7,날아올라,2,◎
8,유 앤 아이,,○
9,체이스 미,,○
10,슬램,,○
11,또다른 진심,2,◎
12,냥-턴 (feat. KuTiNA),,○
13,할로윈 파티 ~Multiverse~,,○
14,리틀 먼치킨,,○
15,바버스 매드니스,2,◎
16,요! 세이!! 페어리!!!,,○
17,피가로의 결혼 ~Celebrazione Remix~,,○
18,열정,,○
19,솔브 마이 허트,2,◎
20,머독 vs 오타다,,○
21,도플갱어,2,◎
22,웨딩 크래셔,,○
23,스위트로닉,2,◎
24,야누스,,○
25,디스트릭트 1,3,◎
26,슈가 플럼,,○
27,하트 래빗 코스터,4,◎
28,마카롱 데이,,○
29,아이스 오브 데스,2,◎
30,포세이돈,,○
31,아드레날린 블래스터,2,◎
32,배니쉬,,○
33,테일즈 오브 펌프니아,,○
34,김치 핑거즈,,○
35,클레마티스 랩소디아,3,◎
36,탄탄멘,,○
37,스타드림 (feat. Romelon),,◎
38,캉-캉 ~Orpheus in The Party Mix~,,○
39,파파시토 (feat. KuTiNA),,○
40,파이어 오브 데스티니,,○
41,포가튼 뱀파이어,2,◎
42,트로피카닉,,○
43,크로스 오버 feat. LyuU,,○
44,사라반드,,○
45,가장신자,,○
46,알레그로 퓨리오소,,○
47,트위스트 오브 페이트 (feat. Ruriling),2,◎
48,HTTP,,○
49,어웨이크닝,2,◎
50,왈츠 오브 도지,,○
51,네메시스,,◎
52,라티노 바이러스,,○
53,요그 소토스,,◎
54,실루엣 이펙트,,○
55,차이니즈 레스토랑,,◎
56,아발란치,,○
57,리무버블 디스코,,○
58,슈퍼 판타지,,○
59,바이올렛 퍼퓸,2,◎
60,레드 스완,,○
61,설탕음모론,,◎
62,레드 스노우,,○
63,캄파넬라,,○
64,유 어게인 마이 러브,,◎
65,레미니센스,,○
66,모멘트 데이,,○
67,라이크 미,,○
68,엘리제,,○
69,이그니스 패터스(DM Ashura 믹스),2,◎
70,러브 이즈 어 데인저 존(Cranky 믹스),,◎
71,에프 에프 에프,3,◎
72,루시드(PIU Edit),,○
73,윈드밀,,○
74,팔로우 미,,○
75,멘탈 라이더,,○
76,테이크 아웃,,○
77,오버블로우,2,◎
78,위 갓 투 노우,,○
79,마왕,2,◎
80,소서리스 엘리제,,○
81,테프리스,,◎
82,사람들은 몰랐다네,,○
83,펌트리스 8비트 ver.,,○
84,키메라,,○
85,러브 이즈 어 데인저 존 pt.2 어나더,2,◎
86,캐논 디,,○
87,엠페러,2,◎
88,러브 이즈 어 데인저 존,,○
89,윈터,,○
90,댄스 위드 미,,○
91,우편마차,,◎
92,롤링 크리스마스,,○
93,베토벤 바이러스,,◎
94,오! 로사,,◎
95,터키 행진곡,,◎
96,에너지 시너지 매트릭스,,○
97,어콰이어,,○
98,굿바운스,,○
99,스테이저,,○
100,오딘,,○
101,배틀 넘버원,2,◎
102,호랑풍류가,,○
103,크로싱 델타,2,◎
104,클럽 나이트,,○
105,인디스트럭터블,,◎
106,8 6,,○
107,컨플릭트,,○
108,브레인 파워,2,◎
109,모페모페,,○
110,꺼림칙한,2,◎
111,필 마이 해피니스,,○
112,요로피쿠 피쿠요로!,,◎
113,배드 애플!! feat. Nomico,,○
114,팝 더 트랙,,◎
115,레이디버그,,○
116,키티 캣,,◎
117,트라이브 어택커,,○
118,슈샤,,◎
119,스위트 원더랜드,,◎
120,오벨리스크,2,◎
121,레이지 오브 파이어,,◎
122,듀얼 레이싱 <레드 vs 블루>,2,◎
123,제로아이즈,,◎
124,라이징 스타,,◎
125,일 더하기 일은 귀요미,,○
126,헤드리스 치킨,,◎
127,로키,,○
128,BS파워 익스플로전,,◎
129,매지컬 베케이션,,◎
130,사월,,◎
131,크리스마스의 기억,,◎
132,아스테리오스 -리엔트리-,,◎
133,인피니티,,◎
134,베들램,2,◎
135,레드라인,,○
