존,위치,시각,등급
K-POP,1,211,곁칸
K-POP,2,211,직독
K-POP,3,211,직독
K-POP,4,211,곁칸
K-POP,5,212,곁칸
K-POP,6,213,곁칸
K-POP,7,214,직독
K-POP,8,214,곁칸
K-POP,9,214,직독
K-POP,10,216,곁칸
K-POP,11,216,직독
K-POP,12,218,곁칸
K-POP,13,218,직독
K-POP,14,219,곁칸
K-POP,15,219,직독
K-POP,16,221,곁칸
K-POP,17,211,직독
숏컷 채널,1,228,직독
숏컷 채널,2,228,직독
숏컷 채널,3,228,곁칸
숏컷 채널,4,229,곁칸
숏컷 채널,5,230,곁칸
숏컷 채널,6,231,직독
숏컷 채널,7,231,곁칸
숏컷 채널,8,231,곁칸
숏컷 채널,9,232,곁칸
숏컷 채널,10,233,직독
숏컷 채널,11,233,곁칸
숏컷 채널,12,233,곁칸
숏컷 채널,13,234,곁칸
숏컷 채널,14,235,직독
숏컷 채널,15,235,곁칸
숏컷 채널,16,235,곁칸
숏컷 채널,17,237,직독
숏컷 채널,18,237,곁칸
숏컷 채널,19,237,곁칸
숏컷 채널,20,239,직독
숏컷 채널,21,239,곁칸
숏컷 채널,22,239,직독
숏컷 채널,23,241,곁칸
숏컷 채널,24,241,직독
숏컷 채널,25,242,곁칸
숏컷 채널,26,242,직독
숏컷 채널,27,244,곁칸
숏컷 채널,28,244,직독
숏컷 채널,29,245,곁칸
숏컷 채널,30,245,직독
숏컷 채널,31,247,곁칸
숏컷 채널,32,247,곁칸
숏컷 채널,33,249,곁칸
숏컷 채널,34,250,직독
숏컷 채널,35,250,곁칸
숏컷 채널,36,250,곁칸
숏컷 채널,37,252,곁칸
숏컷 채널,38,253,직독
숏컷 채널,39,253,곁칸
숏컷 채널,40,253,직독
숏컷 채널,41,254,곁칸
숏컷 채널,42,254,직독
숏컷 채널,43,256,곁칸
숏컷 채널,44,256,곁칸
숏컷 채널,45,259,곁칸
숏컷 채널,46,259,직독
숏컷 채널,47,258,곁칸
숏컷 채널,48,258,곁칸
숏컷 채널,49,258,직독
숏컷 채널,50,258,직독
숏컷 채널,51,258,곁칸
숏컷 채널,52,262,직독
숏컷 채널,53,262,곁칸
숏컷 채널,54,262,곁칸
숏컷 채널,55,262,보간
숏컷 채널,56,262,보간
숏컷 채널,57,262,보간
숏컷 채널,58,262,곁칸
숏컷 채널,59,262,곁칸
숏컷 채널,60,262,직독
숏컷 채널,61,228,직독
숏컷 채널,62,228,곁칸
풀송 채널,1,456,직독
풀송 채널,2,456,직독
풀송 채널,3,456,직독
풀송 채널,4,457,곁칸
풀송 채널,5,458,직독
풀송 채널,6,459,곁칸
풀송 채널,7,459,직독
풀송 채널,8,461,곁칸
풀송 채널,9,461,직독
풀송 채널,10,462,곁칸
풀송 채널,11,462,직독
풀송 채널,12,464,곁칸
풀송 채널,13,464,직독
풀송 채널,14,466,곁칸
풀송 채널,15,466,직독
풀송 채널,16,456,곁칸
풀송 채널,17,456,곁칸
리믹스 채널,1,472,직독
리믹스 채널,2,472,직독
리믹스 채널,3,472,직독
리믹스 채널,4,472,직독
리믹스 채널,5,472,곁칸
리믹스 채널,6,473,직독
리믹스 채널,7,473,직독
리믹스 채널,8,473,곁칸
리믹스 채널,9,477,직독
리믹스 채널,10,477,곁칸
리믹스 채널,11,477,직독
리믹스 채널,12,478,곁칸
리믹스 채널,13,478,직독
리믹스 채널,14,480,곁칸
리믹스 채널,15,480,직독
리믹스 채널,16,481,직독
리믹스 채널,17,481,곁칸
리믹스 채널,18,481,곁칸
리믹스 채널,19,485,직독
리믹스 채널,20,485,곁칸
리믹스 채널,21,485,곁칸
리믹스 채널,22,488,곁칸
리믹스 채널,23,488,직독
리믹스 채널,24,488,곁칸
리믹스 채널,25,488,곁칸
리믹스 채널,26,489,직독
리믹스 채널,27,489,직독
리믹스 채널,28,489,곁칸
리믹스 채널,29,491,곁칸
리믹스 채널,30,494,곁칸
리믹스 채널,31,494,직독
리믹스 채널,32,494,곁칸
리믹스 채널,33,494,직독
리믹스 채널,34,496,곁칸
리믹스 채널,35,496,직독
리믹스 채널,36,497,곁칸
리믹스 채널,37,499,직독
리믹스 채널,38,499,곁칸
CO-OP,1,710,직독
CO-OP,2,710,곁칸
CO-OP,3,710,직독
CO-OP,4,711,곁칸
CO-OP,5,711,직독
CO-OP,6,713,곁칸
CO-OP,7,713,직독
CO-OP,8,714,곁칸
CO-OP,9,714,직독
CO-OP,10,716,곁칸
CO-OP,11,716,직독
CO-OP,12,717,곁칸
CO-OP,13,717,직독
CO-OP,14,719,곁칸
CO-OP,15,719,직독
CO-OP,16,720,곁칸
CO-OP,17,720,직독
CO-OP,18,722,곁칸
CO-OP,19,722,직독
CO-OP,20,723,곁칸
CO-OP,21,723,직독
CO-OP,22,724,곁칸
CO-OP,23,724,직독
CO-OP,24,726,곁칸
CO-OP,25,726,곁칸
CO-OP,26,728,직독
CO-OP,27,728,직독
CO-OP,28,728,곁칸
CO-OP,29,729,직독
CO-OP,30,731,곁칸
CO-OP,31,731,직독
CO-OP,32,732,곁칸
CO-OP,33,732,직독
CO-OP,34,734,곁칸
CO-OP,35,734,직독
CO-OP,36,735,곁칸
CO-OP,37,735,직독
CO-OP,38,737,곁칸
CO-OP,39,737,곁칸
CO-OP,40,739,직독
CO-OP,41,739,곁칸
CO-OP,42,739,곁칸
CO-OP,43,741,직독
CO-OP,44,741,곁칸
CO-OP,45,741,직독
CO-OP,46,742,곁칸
CO-OP,47,742,직독
CO-OP,48,743,직독
CO-OP,49,743,곁칸
CO-OP,50,744,직독
CO-OP,51,745,직독
CO-OP,52,745,곁칸
CO-OP,53,746,직독
CO-OP,54,747,곁칸
CO-OP,55,747,직독
CO-OP,56,748,곁칸
CO-OP,57,748,직독
CO-OP,58,749,곁칸
CO-OP,59,749,직독
CO-OP,60,750,곁칸
CO-OP,61,750,곁칸
CO-OP,62,752,직독
CO-OP,63,752,직독
CO-OP,64,752,곁칸
CO-OP,65,753,직독
CO-OP,66,754,곁칸
CO-OP,67,754,직독
CO-OP,68,755,곁칸
CO-OP,69,755,곁칸
CO-OP,70,756,곁칸
CO-OP,71,757,곁칸
CO-OP,72,758,직독
CO-OP,73,758,곁칸
CO-OP,74,758,곁칸
CO-OP,75,760,직독
CO-OP,76,760,직독
CO-OP,77,760,곁칸
CO-OP,78,761,곁칸
CO-OP,79,763,직독
CO-OP,80,763,곁칸
CO-OP,81,763,곁칸
CO-OP,82,764,직독
CO-OP,83,764,직독
CO-OP,84,764,직독
CO-OP,85,765,곁칸
CO-OP,86,766,곁칸
CO-OP,87,768,직독
CO-OP,88,768,곁칸
CO-OP,89,768,곁칸
CO-OP,90,769,곁칸
CO-OP,91,770,직독
CO-OP,92,770,곁칸
CO-OP,93,770,직독
CO-OP,94,771,곁칸
CO-OP,95,771,직독
CO-OP,96,772,곁칸
CO-OP,97,772,직독
CO-OP,98,773,곁칸
CO-OP,99,773,직독
CO-OP,100,774,곁칸
CO-OP,101,774,곁칸
CO-OP,102,776,곁칸
CO-OP,103,777,직독
CO-OP,104,777,곁칸
CO-OP,105,777,곁칸
CO-OP,106,778,곁칸
CO-OP,107,779,직독
CO-OP,108,779,곁칸
CO-OP,109,779,직독
CO-OP,110,780,곁칸
CO-OP,111,780,직독
CO-OP,112,781,직독
CO-OP,113,781,직독
CO-OP,114,782,직독
CO-OP,115,782,직독
CO-OP,116,783,직독
CO-OP,117,783,곁칸
CO-OP,118,981,직독
CO-OP,119,981,곁칸
CO-OP,120,980,직독
CO-OP,121,979,곁칸
CO-OP,122,978,직독
CO-OP,123,978,직독
CO-OP,124,977,직독
CO-OP,125,977,곁칸
CO-OP,126,976,직독
CO-OP,127,976,곁칸
CO-OP,128,975,직독
CO-OP,129,974,곁칸
CO-OP,130,974,직독
CO-OP,131,974,직독
CO-OP,132,974,곁칸
CO-OP,133,974,곁칸
CO-OP,134,710,곁칸
CO-OP,135,710,곁칸
S13,1,658,직독
S13,2,658,플레이
S13,3,658,곁칸
S13,4,658,곁칸
S13,5,2366,보간
S13,6,2367,보간
S13,7,2367,보간
S13,8,2367,보간
S13,9,2367,보간
S13,10,2367,보간
S13,11,2368,보간
S13,12,2368,보간
S13,13,2368,보간
S13,14,2368,보간
S13,15,2368,보간
S13,16,2369,보간
S13,17,2369,보간
S13,18,2369,보간
S13,19,2369,보간
S13,20,2369,보간
S13,21,2370,보간
S13,22,2370,보간
S13,23,2370,곁칸
S13,24,789,곁칸
S13,25,789,직독
S13,26,789,직독
S13,27,789,곁칸
S13,28,789,곁칸
S13,29,789,보간
S13,30,789,보간
S13,31,789,보간
S13,32,789,보간
S13,33,789,보간
S13,34,789,보간
S13,35,789,보간
S13,36,789,보간
S13,37,789,보간
S13,38,789,보간
S13,39,789,곁칸
S13,40,789,곁칸
S13,41,789,직독
S13,42,789,곁칸
S13,43,789,곁칸
S13,44,789,보간
S13,45,789,보간
S13,46,789,보간
S13,47,789,곁칸
S13,48,789,곁칸
S13,49,789,직독
S13,50,789,곁칸
S13,51,789,곁칸
S13,52,789,보간
S13,53,789,보간
S13,54,789,보간
S13,55,789,보간
S13,56,789,보간
S13,57,789,보간
S13,58,789,보간
S13,59,789,곁칸
S13,60,789,곁칸
S13,61,789,직독
S13,62,789,곁칸
S13,63,789,곁칸
S13,64,789,곁칸
S13,65,789,곁칸
S13,66,790,직독
S13,67,790,곁칸
S13,68,790,곁칸
S13,69,2379,보간
S13,70,2379,보간
S13,71,2379,보간
S13,72,2379,곁칸
S13,73,2379,곁칸
S13,74,2380,직독
S13,75,2380,곁칸
S13,76,2380,곁칸
S13,77,788,곁칸
S13,78,658,곁칸
S13,79,658,직독
XROSS,1,992,직독
XROSS,2,992,직독
XROSS,3,992,곁칸
XROSS,4,992,직독
XROSS,5,992,곁칸
XROSS,6,992,직독
XROSS,7,992,곁칸
XROSS,8,992,곁칸
XROSS,9,992,곁칸
XROSS,10,992,직독
XROSS,11,992,곁칸
XROSS,12,992,직독
XROSS,13,992,곁칸
XROSS,14,992,직독
XROSS,15,992,곁칸
XROSS,16,992,직독
XROSS,17,992,곁칸
XROSS,18,992,곁칸
XROSS,19,992,곁칸
XROSS,20,992,직독
XROSS,21,992,곁칸
XROSS,22,992,직독
XROSS,23,992,곁칸
XROSS,24,992,직독
XROSS,25,992,곁칸
XROSS,26,992,직독
XROSS,27,992,곁칸
XROSS,28,992,곁칸
XROSS,29,992,곁칸
XROSS,30,992,직독
XROSS,31,992,곁칸
XROSS,32,992,직독
XROSS,33,992,곁칸
XROSS,34,992,직독
XROSS,35,992,곁칸
XROSS,36,992,직독
XROSS,37,992,곁칸
XROSS,38,992,직독
XROSS,39,992,곁칸
XROSS,40,992,직독
XROSS,41,992,곁칸
XROSS,42,992,직독
XROSS,43,992,곁칸
XROSS,44,992,직독
XROSS,45,992,곁칸
WORLD MUSIC,1,1235,직독
WORLD MUSIC,2,1235,직독
WORLD MUSIC,3,1235,직독
WORLD MUSIC,4,1236,곁칸
WORLD MUSIC,5,1237,직독
WORLD MUSIC,6,1238,곁칸
WORLD MUSIC,7,1238,곁칸
WORLD MUSIC,8,1240,곁칸
WORLD MUSIC,9,1241,직독
WORLD MUSIC,10,1241,곁칸
WORLD MUSIC,11,1241,직독
WORLD MUSIC,12,1242,곁칸
WORLD MUSIC,13,1242,직독
WORLD MUSIC,14,1243,곁칸
WORLD MUSIC,15,1243,곁칸
WORLD MUSIC,16,1245,곁칸
WORLD MUSIC,17,1246,직독
WORLD MUSIC,18,1246,곁칸
WORLD MUSIC,19,1246,직독
WORLD MUSIC,20,1247,곁칸
WORLD MUSIC,21,1247,직독
WORLD MUSIC,22,1248,곁칸
WORLD MUSIC,23,1248,곁칸
WORLD MUSIC,24,1250,곁칸
WORLD MUSIC,25,1251,직독
WORLD MUSIC,26,1251,곁칸
WORLD MUSIC,27,1251,직독
WORLD MUSIC,28,1252,곁칸
WORLD MUSIC,29,1252,곁칸
WORLD MUSIC,30,1254,곁칸
WORLD MUSIC,31,1255,직독
WORLD MUSIC,32,1255,곁칸
WORLD MUSIC,33,1255,직독
WORLD MUSIC,34,1256,곁칸
WORLD MUSIC,35,1256,곁칸
WORLD MUSIC,36,1258,곁칸
WORLD MUSIC,37,1258,직독
WORLD MUSIC,38,1258,곁칸
WORLD MUSIC,39,1258,직독
WORLD MUSIC,40,1259,곁칸
WORLD MUSIC,41,1259,직독
WORLD MUSIC,42,1261,곁칸
WORLD MUSIC,43,1261,곁칸
WORLD MUSIC,44,1262,곁칸
WORLD MUSIC,45,1263,곁칸
WORLD MUSIC,46,1264,직독
WORLD MUSIC,47,1264,직독
WORLD MUSIC,48,1264,곁칸
WORLD MUSIC,49,1265,직독
WORLD MUSIC,50,1266,곁칸
WORLD MUSIC,51,1266,직독
WORLD MUSIC,52,1268,곁칸
WORLD MUSIC,53,1268,직독
WORLD MUSIC,54,1269,곁칸
WORLD MUSIC,55,1269,직독
WORLD MUSIC,56,1270,곁칸
WORLD MUSIC,57,1270,직독
WORLD MUSIC,58,1271,곁칸
WORLD MUSIC,59,1271,직독
WORLD MUSIC,60,1272,곁칸
WORLD MUSIC,61,1272,직독
WORLD MUSIC,62,1273,곁칸
WORLD MUSIC,63,1273,직독
WORLD MUSIC,64,1275,곁칸
WORLD MUSIC,65,1275,직독
WORLD MUSIC,66,1276,곁칸
WORLD MUSIC,67,1276,직독
WORLD MUSIC,68,1277,곁칸
WORLD MUSIC,69,1277,직독
WORLD MUSIC,70,1278,곁칸
WORLD MUSIC,71,1278,직독
WORLD MUSIC,72,1280,곁칸
WORLD MUSIC,73,1280,직독
WORLD MUSIC,74,1281,곁칸
WORLD MUSIC,75,1281,직독
WORLD MUSIC,76,1282,곁칸
WORLD MUSIC,77,1282,직독
WORLD MUSIC,78,1283,곁칸
WORLD MUSIC,79,1283,직독
WORLD MUSIC,80,1284,곁칸
WORLD MUSIC,81,1284,직독
WORLD MUSIC,82,1286,곁칸
WORLD MUSIC,83,1286,직독
WORLD MUSIC,84,1287,곁칸
WORLD MUSIC,85,1287,직독
WORLD MUSIC,86,1288,곁칸
WORLD MUSIC,87,1288,직독
WORLD MUSIC,88,1289,곁칸
WORLD MUSIC,89,1289,직독
WORLD MUSIC,90,1290,곁칸
WORLD MUSIC,91,1290,직독
WORLD MUSIC,92,1292,곁칸
WORLD MUSIC,93,1292,직독
WORLD MUSIC,94,1293,곁칸
WORLD MUSIC,95,1293,직독
WORLD MUSIC,96,1294,곁칸
WORLD MUSIC,97,1294,직독
WORLD MUSIC,98,1295,곁칸
WORLD MUSIC,99,1295,직독
WORLD MUSIC,100,1296,곁칸
WORLD MUSIC,101,1296,직독
WORLD MUSIC,102,1297,곁칸
WORLD MUSIC,103,1297,곁칸
WORLD MUSIC,104,1300,곁칸
WORLD MUSIC,105,1300,직독
WORLD MUSIC,106,1300,곁칸
WORLD MUSIC,107,1300,직독
WORLD MUSIC,108,1301,곁칸
WORLD MUSIC,109,1301,직독
WORLD MUSIC,110,1302,곁칸
WORLD MUSIC,111,1302,곁칸
WORLD MUSIC,112,1303,곁칸
WORLD MUSIC,113,1304,곁칸
WORLD MUSIC,114,1305,직독
WORLD MUSIC,115,1305,직독
WORLD MUSIC,116,1305,곁칸
WORLD MUSIC,117,1306,직독
WORLD MUSIC,118,1307,곁칸
WORLD MUSIC,119,1307,곁칸
WORLD MUSIC,120,1309,곁칸
WORLD MUSIC,121,1310,직독
WORLD MUSIC,122,1310,곁칸
WORLD MUSIC,123,1310,직독
WORLD MUSIC,124,1311,곁칸
WORLD MUSIC,125,1311,직독
WORLD MUSIC,126,1235,곁칸
WORLD MUSIC,127,1235,곁칸
ORIGINAL,1,1553,직독
ORIGINAL,2,1553,곁칸
ORIGINAL,3,1553,곁칸
ORIGINAL,331,1553,곁칸
ORIGINAL,332,1553,곁칸
S1,1,1569,직독
S1,2,1569,곁칸
S1,3,1569,곁칸
S1,4,1569,보간
S1,5,1569,보간
S1,6,1569,보간
S1,7,1569,보간
S1,8,1569,보간
S1,9,1569,보간
S1,10,1569,보간
S1,11,1569,보간
S1,12,1569,보간
S1,13,1569,보간
S1,14,1569,보간
S1,15,1569,보간
S1,16,1569,보간
S1,17,1569,보간
S1,18,1569,곁칸
S1,19,1569,곁칸
S2,1,1585,직독
S2,2,1585,곁칸
S2,3,1585,곁칸
S2,4,1585,보간
S2,5,1585,보간
S2,6,1585,보간
S2,7,1585,보간
S2,8,1585,보간
S2,9,1585,보간
S2,10,1585,보간
S2,11,1585,보간
S2,12,1585,보간
S2,13,1585,보간
S2,14,1585,보간
S2,15,1585,보간
S2,16,1585,보간
S2,17,1585,보간
S2,18,1585,보간
S2,19,1585,보간
S2,20,1585,곁칸
S2,21,1585,곁칸
S2,22,1585,직독
S2,23,1585,곁칸
S2,24,1585,직독
S2,25,1585,곁칸
S2,26,1586,직독
S2,27,1586,직독
S2,28,1586,직독
S2,29,1585,직독
S2,30,1585,곁칸
S3,1,1604,직독
S3,2,1604,곁칸
S3,3,1604,직독
S3,4,1609,곁칸
S3,5,1609,곁칸
S3,6,1611,곁칸
S3,7,1612,직독
S3,8,1612,직독
S3,9,1612,곁칸
S3,10,1614,곁칸
S3,11,1614,보간
S3,12,1614,보간
S3,13,1614,보간
S3,14,1614,보간
S3,15,1614,보간
S3,16,1615,보간
S3,17,1615,보간
S3,18,1615,보간
S3,19,1615,보간
S3,20,1615,보간
S3,21,1615,보간
S3,22,1616,보간
S3,23,1616,보간
S3,24,1616,보간
S3,25,1616,보간
S3,26,1616,보간
S3,27,1616,보간
S3,28,1617,보간
S3,29,1617,보간
S3,30,1617,보간
S3,31,1617,보간
S3,32,1617,보간
S3,33,1617,보간
S3,34,1618,곁칸
S3,35,1618,곁칸
S3,36,1618,직독
S3,37,1618,곁칸
S3,38,1618,곁칸
S3,39,1618,보간
S3,40,1618,보간
S3,41,1618,보간
S3,42,1618,보간
S3,43,1619,보간
S3,44,1619,보간
S3,45,1619,보간
S3,46,1619,보간
S3,47,1620,보간
S3,48,1620,보간
S3,49,1620,보간
S3,50,1620,보간
S3,51,1621,보간
S3,52,1621,보간
S3,53,1621,보간
S3,54,1621,보간
S3,55,1622,보간
S3,56,1622,보간
S3,57,1622,보간
S3,58,1622,보간
S3,59,1623,곁칸
S3,60,1623,곁칸
S3,61,1623,직독
S3,62,1623,곁칸
S3,63,1623,곁칸
S3,64,1623,보간
S3,65,1623,보간
S3,66,1623,보간
S3,67,1623,보간
S3,68,1624,보간
S3,69,1624,보간
S3,70,1624,보간
S3,71,1624,보간
S3,72,1624,보간
S3,73,1624,보간
S3,74,1624,보간
S3,75,1625,보간
S3,76,1625,보간
S3,77,1625,보간
S3,78,1625,보간
S3,79,1625,보간
S3,80,1625,보간
S3,81,1625,보간
S3,82,1626,보간
S3,83,1626,보간
S3,84,1626,보간
S3,85,1626,보간
S3,86,1626,곁칸
S3,87,1626,곁칸
S3,88,1627,직독
S3,89,1627,곁칸
S3,90,1604,곁칸
S3,91,1604,곁칸
S4,1,1816,곁칸
S4,2,1816,곁칸
S4,3,1816,곁칸
S4,4,1816,곁칸
S4,5,1816,곁칸
S4,6,1816,직독
S4,7,1816,곁칸
S4,8,1816,곁칸
S4,9,1816,보간
S4,10,1816,보간
S4,11,1816,보간
S4,12,1816,보간
S4,13,1817,보간
S4,14,1817,보간
S4,15,1817,보간
S4,16,1817,보간
S4,17,1817,보간
S4,18,1818,보간
S4,19,1818,보간
S4,20,1818,보간
S4,21,1818,보간
S4,22,1819,보간
S4,23,1819,보간
S4,24,1819,보간
S4,25,1819,보간
S4,26,1819,보간
S4,27,1820,보간
S4,28,1820,보간
S4,29,1820,보간
S4,30,1820,보간
S4,31,1821,곁칸
S4,32,1821,곁칸
S4,33,1821,직독
S4,34,1821,곁칸
S4,35,1821,곁칸
S4,36,1821,보간
S4,37,1821,곁칸
S4,38,1821,곁칸
S4,39,1822,직독
S4,40,1822,곁칸
S4,41,1822,곁칸
S4,42,1822,보간
S4,43,1822,보간
S4,44,1822,보간
S4,45,1822,곁칸
S4,46,1823,곁칸
S4,47,1823,플레이
S4,48,1823,곁칸
S4,49,1823,곁칸
S4,50,1823,보간
S4,51,1824,보간
S4,52,1824,보간
S4,53,1824,보간
S4,54,1824,보간
S4,55,1824,보간
S4,56,1825,보간
S4,57,1825,보간
S4,58,1825,보간
S4,59,1825,보간
S4,60,1826,곁칸
S4,61,1826,곁칸
S4,62,1826,직독
S4,63,1826,곁칸
S4,64,1826,곁칸
S4,65,1826,보간
S4,66,1826,보간
S4,67,1826,보간
S4,68,1826,보간
S4,69,1826,보간
S4,70,1827,보간
S4,71,1827,보간
S4,72,1827,보간
S4,73,1827,보간
S4,74,1827,보간
S4,75,1827,보간
S4,76,1828,보간
S4,77,1828,보간
S4,78,1828,보간
S4,79,1828,보간
S4,80,1828,보간
S4,81,1828,보간
S4,82,1829,보간
S4,83,1829,보간
S4,84,1829,보간
S4,85,1829,보간
S4,86,1829,보간
S4,87,1829,보간
S4,88,1830,곁칸
S4,89,1830,곁칸
S4,90,1830,직독
S4,91,1830,곁칸
S4,92,1830,곁칸
S4,93,1830,보간
S4,94,1830,보간
S4,95,1830,보간
S4,96,1830,보간
S4,97,1831,보간
S4,98,1831,보간
S4,99,1831,보간
S4,100,1831,보간
S4,101,1832,보간
S4,102,1832,보간
S4,103,1832,보간
S4,104,1832,보간
S4,105,1833,보간
S4,106,1833,보간
S4,107,1833,보간
S4,108,1833,보간
S4,109,1834,보간
S4,110,1834,보간
S4,111,1834,보간
S4,112,1834,보간
S4,113,1835,곁칸
S4,114,1835,곁칸
S4,115,1835,직독
S4,116,1835,곁칸
S4,117,1835,곁칸
S4,118,1835,보간
S4,119,1835,보간
S4,120,1835,보간
S4,121,1835,보간
S4,122,1836,보간
S4,123,1836,보간
S4,124,1836,보간
S4,125,1836,보간
S4,126,1837,보간
S4,127,1837,보간
S4,128,1837,보간
S4,129,1837,보간
S4,130,1837,보간
S4,131,1838,보간
S4,132,1838,보간
S4,133,1838,보간
S4,134,1838,보간
S4,135,1839,보간
S4,136,1839,보간
S4,137,1839,보간
S4,138,1839,보간
S4,139,1840,곁칸
S4,140,1840,곁칸
S4,141,1840,직독
S4,142,1840,곁칸
S4,143,1840,곁칸
S4,144,1841,보간
S4,145,1841,보간
S4,146,1842,보간
S4,147,1842,보간
S4,148,1843,곁칸
S4,149,1843,곁칸
S4,150,1844,직독
S4,151,1844,곁칸
S4,152,1844,곁칸
S4,153,1816,곁칸
S4,154,1816,곁칸
S5,1,1849,곁칸
S5,2,1849,곁칸
S5,3,1849,곁칸
S5,14,1849,곁칸
S5,15,1849,곁칸
S5,16,1849,직독
S5,17,1849,곁칸
S5,18,1849,곁칸
S5,56,1858,곁칸
S5,57,1858,곁칸
S5,58,1858,직독
S5,59,1858,직독
S5,60,1858,곁칸
S5,61,1859,곁칸
S5,62,1859,보간
S5,63,1859,보간
S5,64,1859,보간
S5,65,1859,보간
S5,66,1859,보간
S5,67,1860,보간
S5,68,1860,보간
S5,69,1860,보간
S5,70,1860,보간
S5,71,1860,보간
S5,72,1861,보간
S5,73,1861,보간
S5,74,1861,보간
S5,75,1861,보간
S5,76,1861,보간
S5,77,1862,곁칸
S5,78,1862,곁칸
S5,79,1849,직독
S5,80,1849,곁칸
S6,1,1868,직독
S6,2,1868,곁칸
S6,3,1868,곁칸
S6,13,1868,곁칸
S6,14,1868,곁칸
S6,15,1868,직독
S6,16,1868,곁칸
S6,17,1868,곁칸
S6,18,1868,보간
S6,19,1868,보간
S6,20,1868,보간
S6,21,1868,보간
S6,22,1869,보간
S6,23,1869,보간
S6,24,1869,보간
S6,25,1869,보간
S6,26,1869,보간
S6,27,1869,곁칸
S6,28,1869,곁칸
S6,29,1870,직독
S6,30,1870,직독
S6,31,1870,곁칸
S6,32,1871,곁칸
S6,33,1871,보간
S6,34,1871,보간
S6,35,1871,보간
S6,36,1871,보간
S6,37,1871,보간
S6,38,1871,보간
S6,39,1872,보간
S6,40,1872,보간
S6,41,1872,보간
S6,42,1872,보간
S6,43,1872,보간
S6,44,1872,보간
S6,45,1872,보간
S6,46,1873,보간
S6,47,1873,보간
S6,48,1873,보간
S6,49,1873,보간
S6,50,1873,보간
S6,51,1873,보간
S6,52,1873,보간
S6,53,1874,보간
S6,54,1874,보간
S6,55,1874,보간
S6,56,1874,보간
S6,57,1874,보간
S6,58,1874,보간
S6,59,1875,곁칸
S6,60,1875,곁칸
S6,61,1875,직독
S6,62,1875,직독
S6,63,1875,곁칸
S6,64,1876,곁칸
S6,65,1876,보간
S6,66,1876,보간
S6,67,1876,보간
S6,68,1876,보간
S6,69,1876,보간
S6,70,1876,보간
S6,71,1877,보간
S6,72,1877,보간
S6,73,1877,보간
S6,74,1877,보간
S6,75,1877,보간
S6,76,1877,보간
S6,77,1878,곁칸
S6,78,1878,곁칸
S6,79,1878,직독
S6,80,1878,곁칸
S6,81,1878,곁칸
S6,82,1878,보간
S6,83,1878,보간
S6,84,1879,보간
S6,85,1879,보간
S6,86,1879,곁칸
S6,87,1879,곁칸
S6,88,1880,직독
S6,89,1880,직독
S6,90,1880,곁칸
S6,91,1881,곁칸
S6,92,1881,곁칸
S6,93,1881,곁칸
S6,94,1882,직독
S6,95,1882,곁칸
S6,96,1882,곁칸
S6,97,1868,곁칸
S6,98,1868,곁칸
S15,1,1485,직독
S15,2,1485,곁칸
S15,3,1485,직독
S15,4,2578,곁칸
S15,5,2578,곁칸
S15,6,2578,보간
S15,7,2578,곁칸
S15,8,2578,곁칸
S15,9,2578,직독
S15,10,2578,곁칸
S15,11,2578,곁칸
S15,12,2578,직독
S15,13,2578,곁칸
S15,14,2578,곁칸
S15,15,2578,보간
S15,16,2578,곁칸
S15,17,2578,곁칸
S15,18,2578,플레이
S15,19,2578,곁칸
S15,20,2578,곁칸
S15,21,2578,곁칸
S15,22,2578,곁칸
S15,23,2578,직독
S15,24,2578,곁칸
S15,25,2578,곁칸
S15,26,2578,보간
S15,27,2578,보간
S15,28,2578,보간
S15,29,2578,보간
S15,30,2578,보간
S15,31,2578,보간
S15,32,2578,보간
S15,33,2578,보간
S15,34,2578,보간
S15,35,2578,보간
S15,36,2578,보간
S15,37,2578,보간
S15,38,2578,보간
S15,39,2577,곁칸
S15,40,2577,곁칸
S15,41,2577,직독
S15,42,2577,직독
S15,43,2577,직독
S15,44,2577,직독
S15,45,2577,플레이
S15,46,2577,곁칸
S15,47,2577,곁칸
S15,48,2577,보간
S15,49,2577,보간
S15,50,2577,보간
S15,51,2577,보간
S15,52,2577,보간
S15,53,2577,보간
S15,54,2577,보간
S15,55,2577,보간
S15,56,2577,보간
S15,57,2577,보간
S15,58,2577,보간
S15,59,2577,곁칸
S15,60,2577,곁칸
S15,61,2577,직독
S15,62,2577,직독
S15,63,2577,곁칸
S15,64,2577,곁칸
S15,65,2577,보간
S15,66,1485,곁칸
S15,67,1485,곁칸
S15,68,1485,플레이
S15,69,1485,곁칸
S15,70,1485,곁칸
S15,71,2577,보간
S15,72,2577,보간
S15,73,2577,보간
S15,74,2576,보간
S15,75,2576,보간
S15,76,2576,보간
S15,77,2576,보간
S15,78,2576,보간
S15,79,2576,곁칸
S15,80,2576,곁칸
S15,81,2576,직독
S15,82,2576,직독
S15,83,2576,곁칸
S15,84,2576,곁칸
S15,85,2576,보간
S15,86,2576,보간
S15,87,2571,곁칸
S15,88,2526,곁칸
S15,89,2526,직독
S15,90,2526,플레이
S15,91,2526,곁칸
S15,92,2526,곁칸
S15,93,2572,보간
S15,94,2572,보간
S15,95,2572,보간
S15,96,2572,보간
S15,97,2021,곁칸
S15,98,2021,곁칸
S15,99,2021,플레이
S15,100,2021,직독
S15,101,2021,곁칸
S15,102,2574,곁칸
S15,103,2574,보간
S15,104,2574,보간
S15,105,2574,보간
S15,106,2574,곁칸
S15,107,2574,곁칸
S15,108,2575,직독
S15,109,2575,곁칸
S15,110,2575,곁칸
S15,120,2067,곁칸
S15,121,1485,곁칸
S15,122,1485,곁칸
S7,1,2074,곁칸
S7,2,2074,직독
S7,3,2074,곁칸
S7,4,2074,곁칸
S7,5,2074,보간
S7,6,2075,보간
S7,7,2075,곁칸
S7,8,2075,곁칸
S7,9,2076,직독
S7,10,2076,곁칸
S7,11,2076,곁칸
S7,12,2076,보간
S7,13,2076,보간
S7,14,2076,보간
S7,15,2076,보간
S7,16,2076,보간
S7,17,2076,보간
S7,18,2076,보간
S7,19,2077,보간
S7,20,2077,보간
S7,21,2077,보간
S7,22,2077,보간
S7,23,2077,보간
S7,24,2077,보간
S7,25,2077,보간
S7,26,2077,보간
S7,27,2078,곁칸
S7,28,2078,곁칸
S7,29,2078,직독
S7,30,2078,직독
S7,31,2078,곁칸
S7,32,2079,곁칸
S7,33,2079,보간
S7,34,2079,보간
S7,35,2079,보간
S7,36,2079,보간
S7,37,2080,보간
S7,38,2080,보간
S7,39,2080,보간
S7,40,2080,보간
S7,41,2081,곁칸
S7,42,2081,곁칸
S7,43,2081,직독
S7,44,2081,곁칸
S7,45,2081,곁칸
S7,46,2081,보간
S7,47,2081,보간
S7,48,2081,보간
S7,49,2081,보간
S7,50,2081,보간
S7,51,2082,보간
S7,52,2082,보간
S7,53,2082,보간
S7,54,2082,보간
S7,55,2082,보간
S7,56,2083,보간
S7,57,2083,보간
S7,58,2083,보간
S7,59,2083,보간
S7,60,2083,보간
S7,61,2084,보간
S7,62,2084,보간
S7,63,2084,보간
S7,64,2084,보간
S7,65,2084,보간
S7,66,2084,보간
S7,67,2085,보간
S7,68,2085,보간
S7,69,2085,보간
S7,70,2085,보간
S7,71,2085,보간
S7,72,2086,보간
S7,73,2086,보간
S7,74,2086,보간
S7,75,2086,보간
S7,76,2086,보간
S7,77,2087,곁칸
S7,78,2087,곁칸
S7,79,2087,직독
S7,80,2087,곁칸
S7,81,2087,곁칸
S7,82,2087,직독
S7,83,2088,곁칸
S7,84,2077,곁칸
S7,85,2077,곁칸
S7,86,2077,직독
S7,87,2077,곁칸
S7,88,2077,곁칸
S7,100,2091,곁칸
S7,101,2091,곁칸
S7,102,2091,직독
S7,103,2091,직독
S7,104,2091,곁칸
S7,105,2092,곁칸
S7,106,2092,보간
S7,107,2092,보간
S7,108,2092,보간
S7,109,2092,보간
S7,110,2093,보간
S7,111,2093,보간
S7,112,2093,보간
S7,113,2093,보간
S7,114,2094,곁칸
S7,115,2094,곁칸
S7,116,2094,직독
S7,117,2094,곁칸
S7,118,2094,곁칸
S7,119,2094,보간
S7,120,2094,보간
S7,121,2094,보간
S7,122,2095,보간
S7,123,2095,보간
S7,124,2095,보간
S7,125,2095,보간
S7,126,2096,곁칸
S7,127,2096,곁칸
S7,128,2096,직독
S7,129,2096,곁칸
S7,130,2096,곁칸
S7,144,2074,곁칸
S7,145,2074,곁칸
S8,1,2107,곁칸
S8,2,2107,곁칸
S8,3,2107,곁칸
S8,44,2107,곁칸
S8,45,2107,곁칸
S8,46,2107,직독
S8,47,2107,곁칸
S8,48,2107,곁칸
S8,49,2107,보간
S8,50,2107,보간
S8,51,2107,보간
S8,52,2107,보간
S8,53,2107,보간
S8,54,2107,보간
S8,55,2107,보간
S8,56,2107,보간
S8,57,2107,보간
S8,58,2107,보간
S8,59,2107,곁칸
S8,60,2107,곁칸
S8,61,2108,직독
S8,62,2108,곁칸
S8,63,2108,곁칸
S8,64,2109,보간
S8,65,2109,보간
S8,66,2110,곁칸
S8,67,2110,곁칸
S8,68,2111,직독
S8,69,2111,곁칸
S8,70,2111,곁칸
S8,71,2111,보간
S8,72,2112,보간
S8,73,2112,보간
S8,74,2112,곁칸
S8,75,2112,곁칸
S8,76,2113,직독
S8,77,2113,곁칸
S8,78,2113,곁칸
S8,89,2107,곁칸
S8,90,2107,곁칸
S9,1,2117,직독
S9,2,2117,직독
S9,3,2117,곁칸
S9,4,2117,곁칸
S9,5,2120,곁칸
S9,6,2121,직독
S9,7,2121,곁칸
S9,8,2121,곁칸
S9,9,2121,보간
S9,10,2121,보간
S9,11,2121,보간
S9,12,2121,보간
S9,13,2121,보간
S9,14,2121,보간
S9,15,2121,보간
S9,16,2121,보간
S9,17,2121,보간
S9,18,2122,보간
S9,19,2122,보간
S9,20,2122,보간
S9,21,2122,보간
S9,22,2122,보간
S9,23,2122,보간
S9,24,2122,보간
S9,25,2122,보간
S9,26,2122,보간
S9,27,2122,보간
S9,28,2122,곁칸
S9,29,2122,곁칸
S9,30,2123,직독
S9,31,2123,곁칸
S9,32,2123,곁칸
S9,33,2123,보간
S9,34,2123,보간
S9,35,2123,보간
S9,36,2123,보간
S9,37,2123,보간
S9,38,2123,보간
S9,39,2123,보간
S9,40,2124,보간
S9,41,2124,보간
S9,42,2124,보간
S9,43,2124,보간
S9,44,2124,보간
S9,45,2124,보간
S9,46,2124,보간
S9,47,2125,보간
S9,48,2125,보간
S9,49,2125,보간
S9,50,2125,보간
S9,51,2125,보간
S9,52,2125,보간
S9,53,2125,보간
S9,54,2126,보간
S9,55,2126,보간
S9,56,2126,보간
S9,57,2126,보간
S9,58,2126,보간
S9,59,2126,보간
S9,60,2126,보간
S9,61,2127,곁칸
S9,62,2127,곁칸
S9,63,2127,직독
S9,64,2127,직독
S9,65,2127,곁칸
S9,66,2126,곁칸
S9,67,2126,직독
S9,68,2126,직독
S9,69,2126,곁칸
S9,70,2126,곁칸
S9,71,2131,곁칸
S9,72,2132,직독
S9,73,2132,곁칸
S9,74,2132,곁칸
S9,78,2117,곁칸
S9,79,2117,곁칸
S14,1,1188,직독
S14,2,1188,곁칸
S14,3,1188,직독
S14,4,2140,곁칸
S14,5,2140,곁칸
S14,6,2140,보간
S14,7,2140,보간
S14,8,2140,보간
S14,9,2140,보간
S14,10,2140,보간
S14,11,2140,보간
S14,12,2140,보간
S14,13,2140,보간
S14,14,2140,보간
S14,15,2140,보간
S14,16,2140,보간
S14,17,2140,보간
S14,18,2140,곁칸
S14,19,2140,곁칸
S14,20,2140,직독
S14,21,2140,곁칸
S14,22,2140,곁칸
S14,23,2140,보간
S14,24,2140,보간
S14,25,2140,보간
S14,26,2140,보간
S14,27,2140,보간
S14,28,2140,보간
S14,29,2140,보간
S14,30,2140,보간
S14,31,2140,보간
S14,32,2141,보간
S14,33,2141,보간
S14,34,2141,곁칸
S14,35,2141,곁칸
S14,36,2141,직독
S14,37,2141,직독
S14,38,2141,곁칸
S14,39,2141,곁칸
S14,40,2141,보간
S14,41,2141,보간
S14,42,2141,보간
S14,43,2141,보간
S14,44,2141,보간
S14,45,2141,보간
S14,46,2141,보간
S14,47,2141,보간
S14,48,2141,보간
S14,49,2141,보간
S14,50,2141,보간
S14,51,2141,보간
S14,52,2141,보간
S14,53,2141,보간
S14,54,2141,보간
S14,55,2141,보간
S14,56,2141,보간
S14,57,2141,보간
S14,58,2141,곁칸
S14,59,2141,곁칸
S14,60,2141,직독
S14,61,2141,곁칸
S14,62,1188,직독
S14,63,1188,곁칸
S14,64,1188,직독
S14,65,1188,직독
S11,1,404,곁칸
S11,2,404,직독
S11,3,404,곁칸
S11,4,2324,곁칸
S11,5,2324,보간
S11,6,2324,곁칸
S11,7,2324,곁칸
S11,8,2324,직독
S11,9,2324,곁칸
S11,10,2324,곁칸
S11,11,2326,보간
S11,12,2326,보간
S11,13,2326,보간
S11,14,2326,보간
S11,15,2327,보간
S11,16,2327,보간
S11,17,2327,보간
S11,18,2327,보간
S11,19,2327,보간
S11,20,2327,보간
S11,21,2327,보간
S11,22,2328,보간
S11,23,2328,보간
S11,24,2328,보간
S11,25,2328,보간
S11,26,2328,곁칸
S11,27,2328,곁칸
S11,28,2329,직독
S11,29,2329,곁칸
S11,30,2329,곁칸
S11,31,2329,보간
S11,32,2329,보간
S11,33,2329,보간
S11,34,2329,보간
S11,35,2329,보간
S11,36,2330,보간
S11,37,2330,보간
S11,38,2330,보간
S11,39,2330,보간
S11,40,2330,보간
S11,41,2331,보간
S11,42,2331,보간
S11,43,2331,보간
S11,44,2331,보간
S11,45,2331,보간
S11,46,2332,보간
S11,47,2332,보간
S11,48,2332,보간
S11,49,2332,보간
S11,50,2332,보간
S11,51,2333,보간
S11,52,2333,보간
S11,53,2333,보간
S11,54,2333,보간
S11,55,2333,보간
S11,56,2334,곁칸
S11,57,2334,곁칸
S11,58,2334,직독
S11,59,2333,곁칸
S11,60,2333,곁칸
S11,61,2333,보간
S11,62,2333,보간
S11,63,2333,보간
S11,64,2333,보간
S11,65,2333,보간
S11,66,2332,곁칸
S11,67,2332,곁칸
S11,68,2332,직독
S11,69,2332,직독
S11,70,2332,직독
S11,71,2332,곁칸
S11,72,2332,곁칸
S11,73,2332,보간
S11,74,2331,보간
S11,75,2331,보간
S11,76,2331,보간
S11,77,2331,보간
S11,78,2331,보간
S11,79,2331,보간
S11,80,2331,곁칸
S11,81,2331,곁칸
S11,82,2330,직독
S11,83,2330,직독
S11,84,2330,곁칸
S11,85,2330,곁칸
S11,86,2330,보간
S11,87,2330,곁칸
S11,88,2330,곁칸
S11,89,2330,직독
S11,90,2330,곁칸
S11,91,2330,곁칸
S11,92,2341,보간
S11,93,2342,보간
S11,94,2342,보간
S11,95,2342,보간
S11,96,2342,곁칸
S11,97,2342,곁칸
S11,98,2343,직독
S11,99,2343,곁칸
S11,100,2343,곁칸
S11,105,404,곁칸
S11,106,404,곁칸
S11,107,404,플레이
S12,1,2345,직독
S12,2,2345,직독
S12,3,2345,곁칸
S12,4,2345,곁칸
S12,5,2347,보간
S12,6,2347,곁칸
S12,7,2347,곁칸
S12,8,2347,플레이
S12,9,2347,곁칸
S12,10,2348,곁칸
S12,11,2348,보간
S12,12,2348,보간
S12,13,2348,보간
S12,14,2348,보간
S12,15,2348,곁칸
S12,16,2348,곁칸
S12,17,2349,직독
S12,18,2349,곁칸
S12,19,2349,곁칸
S12,20,2349,보간
S12,21,2349,보간
S12,22,2349,보간
S12,23,2349,보간
S12,24,2350,보간
S12,25,2350,보간
S12,26,2350,보간
S12,27,2350,보간
S12,28,2350,곁칸
S12,29,2350,곁칸
S12,30,2351,직독
S12,31,2351,곁칸
S12,32,2351,직독
S12,33,2352,곁칸
S12,34,2352,곁칸
S12,35,2352,보간
S12,36,2352,보간
S12,37,2352,보간
S12,38,2352,보간
S12,39,2352,보간
S12,40,2352,보간
S12,41,2352,보간
S12,42,2352,보간
S12,43,2353,보간
S12,44,2353,보간
S12,45,2353,보간
S12,46,2353,보간
S12,47,2353,보간
S12,48,2353,보간
S12,49,2353,보간
S12,50,2353,보간
S12,51,2353,보간
S12,52,2353,보간
S12,53,2353,보간
S12,54,2354,보간
S12,55,2354,보간
S12,56,2354,보간
S12,57,2354,보간
S12,58,2354,보간
S12,59,2354,보간
S12,60,2354,보간
S12,61,2354,보간
S12,62,2354,곁칸
S12,63,2354,곁칸
S12,64,2355,직독
S12,65,2355,곁칸
S12,66,2355,곁칸
S12,67,2356,보간
S12,68,2356,보간
S12,69,2356,보간
S12,70,2357,보간
S12,71,2357,보간
S12,72,2357,보간
S12,73,2358,보간
S12,74,2358,보간
S12,75,2358,보간
S12,76,2359,곁칸
S12,77,2359,곁칸
S12,78,2360,직독
S12,79,2360,직독
S12,80,2360,곁칸
S12,81,2361,곁칸
S12,82,2361,보간
S12,83,2361,보간
S12,84,2361,보간
S12,85,2361,보간
S12,86,2362,보간
S12,87,2362,보간
S12,88,2362,보간
S12,89,2362,보간
S12,90,2362,보간
S12,91,2362,보간
S12,92,2362,보간
S12,93,2363,보간
S12,94,2363,보간
S12,95,2363,보간
S12,96,2363,보간
S12,97,2363,보간
S12,98,2363,곁칸
S12,99,2363,곁칸
S12,100,2364,직독
S12,101,2364,곁칸
S12,102,2364,곁칸
S12,110,2345,곁칸
S12,111,2345,곁칸
S16,1,2816,직독
S16,2,2816,직독
S16,3,2816,곁칸
S16,4,2816,곁칸
S16,5,2816,보간
S16,6,2816,보간
S16,7,2816,보간
S16,8,2817,보간
S16,9,2817,보간
S16,10,2817,보간
S16,11,2817,보간
S16,12,2817,곁칸
S16,13,2817,곁칸
S16,14,2818,직독
S16,15,2818,곁칸
S16,16,2818,곁칸
S16,17,2818,보간
S16,18,2818,보간
S16,19,2818,보간
S16,20,2818,보간
S16,21,2818,보간
S16,22,2818,보간
S16,23,2818,보간
S16,24,2818,보간
S16,25,2818,보간
S16,26,2818,보간
S16,27,2819,곁칸
S16,28,2819,곁칸
S16,29,2819,직독
S16,30,2819,곁칸
S16,31,2819,직독
S16,32,2820,직독
S16,33,2820,곁칸
S16,34,2821,플레이
S16,35,2822,곁칸
S16,36,2822,곁칸
S16,37,2822,직독
S16,38,2822,곁칸
S16,39,2822,곁칸
S16,40,2822,보간
S16,41,2822,보간
S16,42,2823,보간
S16,43,2823,보간
S16,44,2823,보간
S16,45,2824,보간
S16,46,2824,보간
S16,47,2824,보간
S16,48,2825,곁칸
S16,49,2825,곁칸
S16,50,2825,직독
S16,51,2825,곁칸
S16,52,2825,곁칸
S16,53,2825,보간
S16,54,2825,보간
S16,55,2825,보간
S16,56,2825,곁칸
S16,57,2825,곁칸
S16,58,2825,플레이
S16,59,2825,곁칸
S16,60,2825,곁칸
S16,61,2826,보간
S16,62,2826,보간
S16,63,2826,보간
S16,64,2826,보간
S16,65,2826,보간
S16,66,2826,보간
S16,67,2826,보간
S16,68,2826,보간
S16,69,2826,보간
S16,70,2827,보간
S16,71,2827,보간
S16,72,2827,보간
S16,73,2827,보간
S16,74,2827,보간
S16,75,2827,보간
S16,76,2827,보간
S16,77,2827,보간
S16,78,2827,보간
S16,79,2828,곁칸
S16,80,2828,곁칸
S16,81,2828,직독
S16,82,2828,곁칸
S16,83,2828,곁칸
S16,84,2829,곁칸
S16,85,2829,곁칸
S16,86,2829,직독
S16,87,2829,곁칸
S16,88,2829,직독
S16,89,2830,직독
S16,90,2830,곁칸
S16,91,2831,곁칸
S16,97,2823,곁칸
S16,98,2823,곁칸
S16,99,2823,직독
S16,100,2823,곁칸
S16,101,2823,곁칸
S16,104,2833,곁칸
S16,105,2833,곁칸
S16,106,2833,직독
S16,107,2833,곁칸
S16,108,2833,곁칸
S16,109,2833,보간
S16,110,2833,보간
S16,111,2833,보간
S16,112,2833,보간
S16,113,2833,보간
S16,114,2833,보간
S16,115,2834,곁칸
S16,116,2834,곁칸
S16,117,2834,직독
S16,118,2834,곁칸
S16,119,2834,직독
S16,120,2836,곁칸
S16,121,2836,곁칸
S16,124,2870,곁칸
S16,125,2870,곁칸
S16,126,2870,직독
S16,127,2870,곁칸
S16,128,2870,곁칸
S16,129,2870,보간
S16,130,2871,보간
S16,131,2872,보간
S16,132,2872,보간
S16,133,2873,보간
S16,134,2874,보간
S16,135,2875,곁칸
S16,136,2875,곁칸
S16,137,2875,직독
S16,138,2875,플레이
S16,139,2875,곁칸
S16,140,3013,플레이
S16,141,2840,곁칸
S16,142,2840,곁칸
S16,143,2840,직독
S16,144,2840,직독
S16,145,2840,곁칸
S16,146,2841,곁칸
S16,147,2841,보간
S16,148,2841,보간
S16,149,2841,보간
S16,150,2841,보간
S16,151,2841,보간
S16,152,2841,보간
S16,153,2841,보간
S16,154,2841,보간
S16,155,2841,보간
S16,156,2842,보간
S16,157,2842,보간
S16,158,2842,보간
S16,159,2842,보간
S16,160,2842,보간
S16,161,2842,곁칸
S16,162,2842,곁칸
S16,163,2842,직독
S16,164,2842,곁칸
S16,165,2842,곁칸
S16,166,2842,곁칸
S16,167,2842,곁칸
S16,168,2843,직독
S16,169,2843,직독
S16,170,2843,곁칸
S16,171,2872,곁칸
S16,172,2816,곁칸
S16,175,2816,곁칸
S16,176,2816,곁칸
S17,1,1762,직독
S17,2,1762,플레이
S17,3,1762,곁칸
S17,4,1762,직독
S17,5,2849,곁칸
S17,6,2849,곁칸
S17,7,2849,곁칸
S17,8,2849,플레이
S17,9,2849,곁칸
S17,10,2849,곁칸
S17,11,2849,보간
S17,12,2849,보간
S17,13,2849,보간
S17,14,2849,보간
S17,15,2849,보간
S17,16,2849,보간
S17,17,2849,보간
S17,18,2849,곁칸
S17,19,2849,곁칸
S17,20,2849,플레이
S17,21,2849,곁칸
S17,22,2849,직독
S17,23,2849,곁칸
S17,24,2849,곁칸
S17,25,2849,곁칸
S17,26,2849,곁칸
S17,27,2849,직독
S17,28,2849,곁칸
S17,29,2849,곁칸
S17,30,2849,보간
S17,31,2849,보간
S17,32,2849,보간
S17,33,2849,보간
S17,34,2849,보간
S17,35,2849,보간
S17,36,2849,보간
S17,37,2850,보간
S17,38,2850,보간
S17,39,2850,보간
S17,40,2850,보간
S17,41,2850,보간
S17,42,2850,보간
S17,43,2850,보간
S17,44,2850,보간
S17,45,2850,보간
S17,46,2850,보간
S17,47,2850,보간
S17,48,2850,보간
S17,49,2850,보간
S17,50,2850,보간
S17,51,2850,보간
S17,52,2850,보간
S17,53,2850,보간
S17,54,2850,곁칸
S17,55,2850,곁칸
S17,56,2850,직독
S17,57,2850,곁칸
S17,58,2850,곁칸
S17,59,2850,보간
S17,60,2850,곁칸
S17,61,2850,곁칸
S17,62,2850,직독
S17,63,2850,곁칸
S17,64,2850,직독
S17,65,2850,곁칸
S17,66,2850,곁칸
S17,67,2850,곁칸
S17,68,2850,곁칸
S17,69,2851,직독
S17,70,2851,곁칸
S17,71,2851,곁칸
S17,72,2855,보간
S17,73,2855,보간
S17,74,2855,보간
S17,75,2855,보간
S17,76,2855,보간
S17,77,2854,보간
S17,78,2854,보간
S17,79,2854,보간
S17,80,2854,보간
S17,81,2854,곁칸
S17,82,2854,곁칸
S17,83,2854,직독
S17,84,2854,곁칸
S17,85,2854,곁칸
S17,86,2854,보간
S17,87,2853,보간
S17,88,2853,보간
S17,89,2853,보간
S17,90,2853,보간
S17,91,2853,보간
S17,92,2853,보간
S17,93,2853,보간
S17,94,2853,곁칸
S17,95,2853,곁칸
S17,96,2853,직독
S17,97,2853,곁칸
S17,98,2853,곁칸
S17,141,5496,곁칸
S17,142,5496,곁칸
S17,143,5496,플레이
S17,144,5496,곁칸
S17,145,5496,곁칸
S17,161,2845,곁칸
S17,162,2845,곁칸
S17,163,2845,직독
S17,164,2845,곁칸
S17,165,2845,곁칸
S17,166,2845,보간
S17,167,2845,보간
S17,168,2845,보간
S17,169,2845,보간
S17,170,2845,보간
S17,171,2846,보간
S17,172,2846,보간
S17,173,2846,보간
S17,174,2846,보간
S17,175,2846,보간
S17,176,1762,곁칸
S17,177,1762,곁칸
S18,1,3059,직독
S18,2,3059,직독
S18,3,3059,곁칸
S18,4,3061,곁칸
S18,5,3061,보간
S18,6,3061,보간
S18,7,3061,보간
S18,8,3061,보간
S18,9,3061,보간
S18,10,3062,보간
S18,11,3062,보간
S18,12,3062,보간
S18,13,3062,보간
S18,14,3062,보간
S18,15,3062,보간
S18,16,3062,보간
S18,17,3063,보간
S18,18,3063,보간
S18,19,3063,보간
S18,20,3063,보간
S18,21,3063,보간
S18,22,3063,보간
S18,23,3063,보간
S18,24,3063,보간
S18,25,3064,보간
S18,26,3064,보간
S18,27,3064,곁칸
S18,28,3064,곁칸
S18,29,3064,직독
S18,30,3064,곁칸
S18,31,3064,곁칸
S18,32,3065,직독
S18,33,3065,곁칸
S18,34,3065,곁칸
S18,35,3065,보간
S18,36,3065,보간
S18,37,3065,보간
S18,38,3065,보간
S18,39,3066,보간
S18,40,3066,보간
S18,41,3066,보간
S18,42,3066,보간
S18,43,3066,보간
S18,44,3067,보간
S18,45,3067,보간
S18,46,3067,보간
S18,47,3067,보간
S18,48,3067,보간
S18,49,3068,보간
S18,50,3068,보간
S18,51,3068,보간
S18,52,3068,보간
S18,53,3068,보간
S18,54,3069,보간
S18,55,3069,보간
S18,56,3069,보간
S18,57,3069,보간
S18,58,3070,곁칸
S18,59,3070,곁칸
S18,60,3070,직독
S18,61,3070,직독
S18,62,3070,곁칸
S18,63,3071,곁칸
S18,64,3071,보간
S18,65,3071,보간
S18,66,3071,보간
S18,67,3071,보간
S18,68,3071,보간
S18,69,3071,보간
S18,70,3072,보간
S18,71,3072,보간
S18,72,3072,보간
S18,73,3072,보간
S18,74,3072,보간
S18,75,3072,보간
S18,76,3073,보간
S18,77,3073,보간
S18,78,3073,보간
S18,79,3073,보간
S18,80,3073,보간
S18,81,3073,보간
S18,82,3073,보간
S18,83,3074,보간
S18,84,3074,보간
S18,85,3074,보간
S18,86,3074,보간
S18,87,3074,보간
S18,88,3074,보간
S18,89,3075,곁칸
S18,90,3075,곁칸
S18,91,3075,직독
S18,92,3075,직독
S18,93,3075,곁칸
S18,94,3076,곁칸
S18,156,3059,곁칸
S18,157,3059,곁칸
S18,158,3059,곁칸
S19,1,3090,직독
S19,2,3090,직독
S19,3,3090,곁칸
S19,4,3091,곁칸
S19,5,3092,곁칸
S19,6,3092,직독
S19,7,3092,곁칸
S19,8,3093,곁칸
S19,9,3093,곁칸
S19,10,3093,곁칸
S19,11,3094,직독
S19,12,3094,곁칸
S19,13,3094,곁칸
S19,14,3290,곁칸
S19,15,3290,곁칸
S19,16,3290,직독
S19,17,3290,곁칸
S19,18,3290,곁칸
S19,19,3290,보간
S19,20,3290,보간
S19,21,3290,보간
S19,22,3291,보간
S19,23,3291,보간
S19,24,3291,보간
S19,25,3291,보간
S19,26,3292,곁칸
S19,27,3292,곁칸
S19,28,3292,직독
S19,29,3096,곁칸
S19,30,3096,곁칸
S19,31,3096,직독
S19,32,3096,직독
S19,33,3096,곁칸
S19,34,3097,곁칸
S19,35,3097,곁칸
S19,36,3098,직독
S19,37,3098,곁칸
S19,38,3098,곁칸
S19,39,3293,보간
S19,40,3293,보간
S19,41,3293,보간
S19,42,3294,보간
S19,43,3294,보간
S19,44,3294,보간
S19,45,3294,보간
S19,46,3294,보간
S19,47,3294,곁칸
S19,48,3294,곁칸
S19,49,3295,직독
S19,50,3295,곁칸
S19,51,3295,곁칸
S19,52,3295,보간
S19,53,3295,보간
S19,54,3295,보간
S19,55,3295,보간
S19,56,3295,보간
S19,57,3101,곁칸
S19,58,3101,곁칸
S19,59,3101,직독
S19,60,3100,직독
S19,61,3100,곁칸
S19,62,3100,곁칸
S19,63,3100,직독
S19,64,3100,직독
S19,65,3100,직독
S19,66,3100,곁칸
S19,67,3100,곁칸
S19,68,3100,보간
S19,69,3100,보간
S19,70,3100,보간
S19,71,3100,보간
S19,72,3100,보간
S19,73,3100,보간
S19,74,3100,보간
S19,75,3100,보간
S19,76,3100,보간
S19,77,3100,곁칸
S19,78,3100,곁칸
S19,79,3100,직독
S19,80,3100,곁칸
S19,81,3100,곁칸
S19,82,3100,직독
S19,83,3100,곁칸
S19,84,3095,직독
S19,85,3095,곁칸
S19,86,3095,직독
S19,87,3095,곁칸
S19,88,3095,곁칸
S19,89,3107,보간
S19,90,3107,보간
S19,91,3107,보간
S19,92,3107,보간
S19,93,3108,보간
S19,94,3108,곁칸
S19,95,3108,곁칸
S19,96,3108,직독
S19,97,3108,곁칸
S19,98,3108,곁칸
S19,99,3108,곁칸
S19,100,3108,곁칸
S19,101,3109,직독
S19,102,3109,곁칸
S19,103,3109,곁칸
S19,104,3109,보간
S19,105,3109,보간
S19,106,3109,보간
S19,107,3109,곁칸
S19,108,3109,곁칸
S19,109,3109,직독
S19,110,3109,직독
S19,111,3109,곁칸
S19,112,3109,곁칸
S19,113,3109,보간
S19,114,3109,곁칸
S19,115,3109,곁칸
S19,116,3110,직독
S19,117,3110,직독
S19,118,3110,곁칸
S19,119,3112,곁칸
S19,120,3112,보간
S19,121,3112,보간
S19,122,3112,보간
S19,123,3112,보간
S19,124,3113,보간
S19,125,3113,보간
S19,126,3113,보간
S19,127,3113,보간
S19,128,3113,보간
S19,129,3113,보간
S19,130,3114,보간
S19,131,3114,곁칸
S19,132,3114,곁칸
S19,133,3114,직독
S19,134,3114,곁칸
S19,135,3114,곁칸
S19,136,3114,보간
S19,137,3115,보간
S19,138,3115,보간
S19,139,3115,보간
S19,140,3115,보간
S19,141,3115,곁칸
S19,142,3115,곁칸
S19,143,3116,직독
S19,144,3116,곁칸
S19,145,3116,곁칸
S19,148,3090,곁칸
S19,149,3090,곁칸
S19,150,3090,곁칸
S20,1,3313,곁칸
S20,2,3313,직독
S20,3,3313,곁칸
S20,4,3313,곁칸
S20,5,3314,보간
S20,6,3314,보간
S20,7,3314,보간
S20,8,3314,보간
S20,9,3315,보간
S20,10,3315,보간
S20,11,3315,보간
S20,12,3315,보간
S20,13,3315,보간
S20,14,3315,보간
S20,15,3316,보간
S20,16,3316,보간
S20,17,3316,보간
S20,18,3316,보간
S20,19,3316,보간
S20,20,3316,보간
S20,21,3317,보간
S20,22,3317,보간
S20,23,3317,보간
S20,24,3317,곁칸
S20,25,3317,곁칸
S20,26,3317,직독
S20,27,3318,직독
S20,28,3318,곁칸
S20,29,3318,곁칸
S20,30,3318,보간
S20,31,3318,보간
S20,32,3318,보간
S20,33,3318,보간
S20,34,3319,보간
S20,35,3319,보간
S20,36,3319,보간
S20,37,3319,보간
S20,38,3319,보간
S20,39,3320,보간
S20,40,3320,보간
S20,41,3320,보간
S20,42,3320,보간
S20,43,3320,보간
S20,44,3321,보간
S20,45,3321,보간
S20,46,3321,보간
S20,47,3321,보간
S20,48,3321,보간
S20,49,3322,보간
S20,50,3322,보간
S20,51,3322,보간
S20,52,3322,보간
S20,53,3323,곁칸
S20,54,3323,곁칸
S20,55,3323,직독
S20,56,3323,직독
S20,57,3323,곁칸
S20,58,3324,곁칸
S20,59,3324,보간
S20,60,3324,보간
S20,61,3324,보간
S20,62,3324,보간
S20,63,3325,보간
S20,64,3325,보간
S20,65,3325,보간
S20,66,3325,보간
S20,67,3325,보간
S20,68,3325,보간
S20,69,3325,보간
S20,70,3326,보간
S20,71,3326,보간
S20,72,3326,보간
S20,73,3326,보간
S20,74,3326,보간
S20,75,3326,보간
S20,76,3326,보간
S20,77,3327,보간
S20,78,3327,보간
S20,79,3327,보간
S20,80,3327,보간
S20,81,3327,곁칸
S20,82,3327,곁칸
S20,83,3328,직독
S20,84,3328,직독
S20,85,3328,곁칸
S20,86,3329,곁칸
S20,120,3313,곁칸
S20,121,3313,곁칸
S21,1,3335,직독
S21,2,3335,직독
S21,3,3335,곁칸
S21,4,3336,곁칸
S21,5,3336,보간
S21,6,3336,보간
S21,7,3336,보간
S21,8,3336,보간
S21,9,3337,보간
S21,10,3337,보간
S21,11,3337,보간
S21,12,3337,보간
S21,13,3337,곁칸
S21,14,3337,곁칸
S21,15,3338,직독
S21,16,3338,직독
S21,17,3338,직독
S21,18,3339,곁칸
S21,19,3340,곁칸
S21,20,3340,보간
S21,21,3340,보간
S21,22,3340,보간
S21,23,3340,보간
S21,24,3340,보간
S21,25,3341,보간
S21,26,3341,보간
S21,27,3341,보간
S21,28,3341,보간
S21,29,3341,보간
S21,30,3341,보간
S21,31,3341,곁칸
S21,32,3341,곁칸
S21,33,3342,직독
S21,34,3342,곁칸
S21,35,3342,곁칸
S21,36,3342,보간
S21,37,3342,곁칸
S21,38,3342,곁칸
S21,39,3343,직독
S21,40,3343,곁칸
S21,41,3343,곁칸
S21,42,3343,보간
S21,43,3343,보간
S21,44,3343,보간
S21,45,3343,보간
S21,46,3343,보간
S21,47,3343,보간
S21,48,3343,보간
S21,49,3343,보간
S21,50,3344,보간
S21,51,3344,보간
S21,52,3344,보간
S21,53,3344,보간
S21,54,3344,보간
S21,55,3344,보간
S21,56,3344,보간
S21,57,3344,보간
S21,58,3344,보간
S21,59,3344,보간
S21,60,3344,보간
S21,61,3345,곁칸
S21,62,3345,곁칸
S21,63,3345,직독
S21,64,3345,직독
S21,65,3345,곁칸
S21,66,3345,곁칸
S21,67,3345,보간
S21,68,3345,보간
S21,69,3345,보간
S21,70,3345,보간
S21,71,3345,보간
S21,72,3346,보간
S21,73,3346,보간
S21,74,3346,곁칸
S21,75,3346,곁칸
S21,76,3346,직독
S21,77,3346,곁칸
S21,78,3346,곁칸
S21,79,3346,보간
S21,80,3346,보간
S21,81,3346,곁칸
S21,82,3346,곁칸
S21,83,3347,직독
S21,84,3347,곁칸
S21,85,3347,곁칸
S21,86,3352,보간
S21,87,3352,곁칸
S21,88,3352,곁칸
S21,89,3353,직독
S21,90,3353,직독
S21,91,3353,곁칸
S21,92,3354,곁칸
S21,93,3354,보간
S21,94,3354,보간
S21,95,3354,보간
S21,96,3354,보간
S21,97,3354,보간
S21,98,3355,보간
S21,99,3355,보간
S21,100,3355,보간
S21,101,3355,보간
S21,102,3355,보간
S21,103,3355,보간
S21,104,3355,곁칸
S21,105,3355,곁칸
S21,106,3356,직독
S21,107,3356,곁칸
S21,108,3356,곁칸
S21,109,3356,보간
S21,110,3356,보간
S21,111,3356,보간
S21,112,3356,보간
S21,113,3356,보간
S21,114,3356,곁칸
S21,115,3356,곁칸
S21,116,3357,직독
S21,117,3357,곁칸
S21,118,3357,곁칸
S21,131,3335,곁칸
S21,132,3335,곁칸
S21,133,3335,곁칸
S22,1,3360,직독
S22,2,3360,곁칸
S22,3,3360,곁칸
S22,14,3551,곁칸
S22,15,3550,곁칸
S22,16,3550,직독
S22,17,3550,직독
S22,18,3550,곁칸
S22,19,3550,곁칸
S22,20,3550,보간
S22,21,3550,보간
S22,22,3550,보간
S22,23,3550,보간
S22,24,3551,보간
S22,25,3551,보간
S22,26,3551,보간
S22,27,3551,보간
S22,28,3552,보간
S22,29,3552,보간
S22,30,3552,보간
S22,31,3552,보간
S22,32,3553,보간
S22,33,3553,보간
S22,34,3553,보간
S22,35,3553,보간
S22,36,3554,곁칸
S22,37,3554,곁칸
S22,38,3554,직독
S22,39,3554,곁칸
S22,40,3554,곁칸
S22,41,3554,보간
S22,42,3555,보간
S22,43,3555,보간
S22,44,3555,보간
S22,45,3555,보간
S22,46,3556,보간
S22,47,3556,보간
S22,48,3556,보간
S22,49,3556,보간
S22,50,3557,보간
S22,51,3557,보간
S22,52,3557,보간
S22,53,3557,보간
S22,54,3558,보간
S22,55,3558,곁칸
S22,56,3558,곁칸
S22,57,3559,직독
S22,58,3559,곁칸
S22,59,3559,곁칸
S22,60,3559,보간
S22,61,3559,보간
S22,62,3559,보간
S22,63,3559,보간
S22,64,3560,보간
S22,65,3560,보간
S22,66,3560,보간
S22,67,3560,보간
S22,68,3560,보간
S22,69,3560,보간
S22,70,3560,보간
S22,71,3561,보간
S22,72,3561,보간
S22,73,3561,보간
S22,74,3561,보간
S22,75,3561,보간
S22,76,3561,곁칸
S22,77,3561,곁칸
S22,78,3562,직독
S22,79,3562,곁칸
S22,80,3562,곁칸
S22,81,3562,곁칸
S22,82,3562,곁칸
S22,83,3563,직독
S22,84,3563,곁칸
S22,85,3563,곁칸
S22,91,3360,곁칸
S22,92,3360,곁칸
S23,1,3566,직독
S23,2,3566,직독
S23,3,3566,곁칸
S23,4,3567,곁칸
S23,5,3567,보간
S23,6,3567,보간
S23,7,3567,보간
S23,8,3568,보간
S23,9,3568,보간
S23,10,3568,보간
S23,11,3568,보간
S23,12,3568,곁칸
S23,13,3568,곁칸
S23,14,3569,직독
S23,15,3569,곁칸
S23,16,3569,곁칸
S23,17,3569,보간
S23,18,3569,보간
S23,19,3569,곁칸
S23,20,3569,곁칸
S23,21,3570,직독
S23,22,3570,직독
S23,23,3570,곁칸
S23,24,3571,곁칸
S23,25,3571,보간
S23,26,3571,보간
S23,27,3571,보간
S23,28,3571,보간
S23,29,3571,보간
S23,30,3572,보간
S23,31,3572,보간
S23,32,3572,보간
S23,33,3572,보간
S23,34,3572,보간
S23,35,3572,보간
S23,36,3573,보간
S23,37,3573,보간
S23,38,3573,보간
S23,39,3573,보간
S23,40,3573,보간
S23,41,3574,곁칸
S23,42,3574,곁칸
S23,43,3574,직독
S23,44,3574,곁칸
S23,45,3574,곁칸
S23,50,3566,곁칸
S23,51,3566,곁칸
S23,52,3566,곁칸
S23,53,3566,곁칸
S24,1,3576,직독
S24,2,3576,곁칸
S24,3,3576,곁칸
S24,4,3577,보간
S24,5,3578,곁칸
S24,6,3578,곁칸
S24,7,3579,직독
S24,8,3579,곁칸
S24,9,3579,곁칸
S24,10,3580,보간
S24,11,3581,보간
S24,12,3581,곁칸
S24,13,3582,곁칸
S24,14,3583,직독
S24,15,3583,직독
S24,16,3583,곁칸
S24,17,3584,곁칸
S24,18,3585,곁칸
S24,19,3585,곁칸
S24,20,3586,직독
S24,21,3586,곁칸
S24,22,3576,곁칸
S24,23,3576,곁칸
S25,1,3588,직독
S25,2,3588,곁칸
S25,3,3588,곁칸
S25,4,3590,곁칸
S25,5,3590,직독
S25,6,3591,직독
S25,7,3591,곁칸
S25,8,3591,곁칸
S25,9,3594,직독
S25,10,3588,곁칸
S25,11,3588,곁칸
D6,1,4263,직독
D6,2,4263,곁칸
D6,3,4263,곁칸
D6,4,4265,곁칸
D6,5,4266,곁칸
D6,6,4266,직독
D6,7,4267,직독
D6,8,4267,직독
D6,9,4267,곁칸
D6,10,4268,곁칸
D6,11,4269,곁칸
D6,12,4269,곁칸
D6,13,4263,직독
D6,14,4263,곁칸
D7,1,4277,곁칸
D7,2,4277,곁칸
D7,3,4277,곁칸
D7,6,4277,곁칸
D7,7,4277,곁칸
D7,8,4277,직독
D7,9,4277,곁칸
D7,10,4277,곁칸
D7,11,4278,직독
D7,12,4278,곁칸
D7,13,4277,곁칸
D7,14,4277,곁칸
D8,1,4281,직독
D8,2,4281,직독
D8,3,4281,곁칸
D8,4,4282,곁칸
D8,5,4285,곁칸
D8,6,4285,곁칸
D8,7,4286,직독
D8,8,4286,곁칸
D8,9,4286,곁칸
D8,10,4288,보간
D8,11,4289,곁칸
D8,12,4289,곁칸
D8,13,4290,직독
D8,14,4290,곁칸
D8,15,4281,곁칸
D8,16,4281,곁칸
D9,1,4292,직독
D9,2,4292,직독
D9,3,4292,곁칸
D9,4,4293,곁칸
D9,5,4294,곁칸
D9,6,4295,직독
D9,7,4295,직독
D9,8,4295,직독
D9,9,4296,곁칸
D9,10,4297,곁칸
D9,11,4292,직독
D9,12,4292,곁칸
D9,13,4298,곁칸
D9,14,4292,곁칸
D9,15,4292,곁칸
D10,1,4301,직독
D10,2,4301,직독
D10,3,4301,곁칸
D10,4,4302,곁칸
D10,5,4303,곁칸
D10,6,4303,직독
D10,7,4304,직독
D10,8,4304,곁칸
D10,9,4304,곁칸
D10,10,4306,보간
D10,11,4306,보간
D10,12,4307,곁칸
D10,13,4307,곁칸
D10,14,4308,직독
D10,15,4308,직독
D10,16,4308,곁칸
D10,17,4309,곁칸
D10,18,4309,보간
D10,19,4310,보간
D10,20,4310,곁칸
D10,21,4310,곁칸
D10,22,4311,직독
D10,23,4311,곁칸
D10,24,4311,직독
D10,25,4313,곁칸
D10,26,4313,곁칸
D10,27,4314,보간
D10,28,4314,곁칸
D10,29,4314,곁칸
D10,30,4315,직독
D10,31,4315,곁칸
D10,32,4301,곁칸
D10,33,4301,곁칸
D11,1,4317,직독
D11,2,4317,직독
D11,3,4317,곁칸
D11,4,4318,곁칸
D11,5,4319,곁칸
D11,6,4320,직독
D11,7,4320,곁칸
D11,8,4320,곁칸
D11,9,4321,보간
D11,10,4322,보간
D11,11,4322,곁칸
D11,12,4323,곁칸
D11,13,4324,직독
D11,14,4324,직독
D11,15,4324,곁칸
D11,16,4325,곁칸
D11,17,4325,보간
D11,18,4326,보간
D11,19,4326,곁칸
D11,20,4326,곁칸
D11,21,4327,직독
D11,22,4327,직독
D11,23,4327,곁칸
D11,24,4328,곁칸
D11,25,4329,보간
D11,26,4329,보간
D11,27,4329,보간
D11,28,4330,곁칸
D11,29,4330,곁칸
D11,30,4331,직독
D11,31,4331,직독
D11,32,4331,곁칸
D11,33,4332,곁칸
D11,34,4333,보간
D11,35,4333,곁칸
D11,36,4333,곁칸
D11,37,4334,직독
D11,38,4334,곁칸
D11,39,4334,곁칸
D11,43,4317,곁칸
D11,44,4317,곁칸
D12,1,4522,직독
D12,2,4522,곁칸
D12,3,4522,곁칸
D12,4,4522,곁칸
D12,5,4522,곁칸
D12,6,4523,직독
D12,7,4523,곁칸
D12,8,4523,곁칸
D12,9,4523,보간
D12,10,4524,보간
D12,11,4524,보간
D12,12,4524,보간
D12,13,4524,보간
D12,14,4525,보간
D12,15,4525,보간
D12,16,4525,보간
D12,17,4525,보간
D12,18,4526,보간
D12,19,4526,보간
D12,20,4526,곁칸
D12,21,4526,곁칸
D12,22,4527,직독
D12,23,4527,직독
D12,24,4527,곁칸
D12,25,4528,곁칸
D12,26,4528,보간
D12,27,4528,보간
D12,28,4529,보간
D12,29,4529,보간
D12,30,4529,보간
D12,31,4529,보간
D12,32,4529,보간
D12,33,4530,보간
D12,34,4530,보간
D12,35,4530,보간
D12,36,4530,곁칸
D12,37,4530,곁칸
D12,38,4531,직독
D12,39,4531,직독
D12,40,4531,곁칸
D12,41,4532,곁칸
D12,42,4532,보간
D12,43,4532,보간
D12,44,4532,보간
D12,45,4533,보간
D12,46,4533,보간
D12,47,4533,보간
D12,48,4533,보간
D12,49,4533,보간
D12,50,4534,보간
D12,51,4534,보간
D12,52,4534,보간
D12,53,4534,곁칸
D12,54,4534,곁칸
D12,55,4535,직독
D12,56,4535,곁칸
D12,57,4535,곁칸
D12,59,4522,곁칸
D12,60,4522,곁칸
D13,1,4540,곁칸
D13,2,4540,곁칸
D13,3,4540,곁칸
D13,11,4540,곁칸
D13,12,4540,곁칸
D13,13,4540,직독
D13,14,4540,직독
D13,15,4540,직독
D13,16,4541,곁칸
D13,17,4542,곁칸
D13,18,4542,보간
D13,19,4542,보간
D13,20,4543,보간
D13,21,4543,보간
D13,22,4543,보간
D13,23,4543,보간
D13,24,4543,보간
D13,25,4544,보간
D13,26,4544,보간
D13,27,4544,곁칸
D13,28,4544,곁칸
D13,29,4545,직독
D13,30,4545,곁칸
D13,31,4545,직독
D13,32,4546,곁칸
D13,33,4546,곁칸
D13,34,4546,보간
D13,35,4546,보간
D13,36,4547,보간
D13,37,4547,보간
D13,38,4547,곁칸
D13,39,4547,곁칸
D13,40,4548,직독
D13,41,4548,곁칸
D13,42,4548,곁칸
D13,43,4548,보간
D13,44,4548,보간
D13,45,4549,보간
D13,46,4549,보간
D13,47,4549,보간
D13,48,4549,보간
D13,49,4550,보간
D13,50,4550,보간
D13,51,4550,보간
D13,52,4550,보간
D13,53,4551,보간
D13,54,4551,보간
D13,55,4551,보간
D13,56,4551,보간
D13,57,4552,보간
D13,58,4552,보간
D13,59,4552,곁칸
D13,60,4552,곁칸
D13,61,4553,직독
D13,62,4553,곁칸
D13,63,4553,곁칸
D13,64,4553,보간
D13,65,4553,보간
D13,66,4553,보간
D13,67,4554,보간
D13,68,4554,보간
D13,69,4554,보간
D13,70,4555,보간
D13,71,4555,보간
D13,72,4555,보간
D13,73,4556,보간
D13,74,4556,보간
D13,75,4556,보간
D13,76,4557,곁칸
D13,77,4557,곁칸
D13,78,4557,직독
D13,79,4557,곁칸
D13,80,4557,곁칸
D13,83,4540,곁칸
D13,84,4540,곁칸
D14,1,4567,곁칸
D14,2,4567,곁칸
D14,3,4567,곁칸
D14,36,4567,곁칸
D14,37,4567,곁칸
D14,38,4567,직독
D14,39,4567,곁칸
D14,40,4567,곁칸
D14,41,4567,보간
D14,42,4567,보간
D14,43,4568,보간
D14,44,4568,보간
D14,45,4568,보간
D14,46,4568,보간
D14,47,4569,보간
D14,48,4569,보간
D14,49,4569,보간
D14,50,4569,보간
D14,51,4569,보간
D14,52,4570,보간
D14,53,4570,보간
D14,54,4570,곁칸
D14,55,4570,곁칸
D14,56,4571,직독
D14,57,4571,곁칸
D14,58,4571,곁칸
D14,61,4567,곁칸
D14,62,4567,곁칸
D15,1,4574,곁칸
D15,2,4574,직독
D15,3,4574,곁칸
D15,4,4574,곁칸
D15,5,4574,보간
D15,6,4574,보간
D15,7,4575,보간
D15,8,4575,보간
D15,9,4575,보간
D15,10,4575,보간
D15,11,4575,보간
D15,12,4576,보간
D15,13,4576,보간
D15,14,4576,보간
D15,15,4576,보간
D15,16,4576,보간
D15,17,4577,보간
D15,18,4577,보간
D15,19,4577,곁칸
D15,20,4577,곁칸
D15,21,4578,직독
D15,22,4578,직독
D15,23,4578,곁칸
D15,24,4579,곁칸
D15,25,4579,보간
D15,26,4579,보간
D15,27,4579,보간
D15,28,4579,보간
D15,29,4579,보간
D15,30,4580,보간
D15,31,4580,보간
D15,32,4580,보간
D15,33,4580,보간
D15,34,4580,보간
D15,35,4580,보간
D15,36,4581,보간
D15,37,4581,보간
D15,38,4581,보간
D15,39,4581,보간
D15,40,4581,보간
D15,41,4581,보간
D15,42,4582,곁칸
D15,43,4582,곁칸
D15,44,4582,직독
D15,45,4582,곁칸
D15,46,4582,곁칸
D15,77,4574,곁칸
D15,78,4574,곁칸
PHOENIX 2,1,4597,직독
PHOENIX 2,2,4597,직독
PHOENIX 2,3,4597,곁칸
PHOENIX 2,4,4597,곁칸
PHOENIX 2,5,4598,보간
PHOENIX 2,6,4598,보간
PHOENIX 2,7,4598,보간
PHOENIX 2,8,4598,보간
PHOENIX 2,9,4598,보간
PHOENIX 2,10,4598,보간
PHOENIX 2,11,4598,보간
PHOENIX 2,12,4598,보간
PHOENIX 2,13,4598,보간
PHOENIX 2,14,4598,보간
PHOENIX 2,15,4598,곁칸
PHOENIX 2,16,4598,곁칸
PHOENIX 2,17,4598,직독
PHOENIX 2,18,4598,직독
PHOENIX 2,19,4597,곁칸
PHOENIX,1,5854,직독
PHOENIX,2,5854,직독
PHOENIX,3,5854,곁칸
PHOENIX,4,5855,곁칸
PHOENIX,5,5855,보간
PHOENIX,6,5855,보간
PHOENIX,7,5855,보간
PHOENIX,8,5855,보간
PHOENIX,9,5855,보간
PHOENIX,10,5856,보간
PHOENIX,11,5856,보간
PHOENIX,12,5856,보간
PHOENIX,13,5856,보간
PHOENIX,14,5856,보간
PHOENIX,15,5856,보간
PHOENIX,16,5856,보간
PHOENIX,17,5857,보간
PHOENIX,18,5857,보간
PHOENIX,19,5857,보간
PHOENIX,20,5857,보간
PHOENIX,21,5857,보간
PHOENIX,22,5857,보간
PHOENIX,23,5857,보간
PHOENIX,24,5858,보간
PHOENIX,25,5858,보간
PHOENIX,26,5858,보간
PHOENIX,27,5858,보간
PHOENIX,28,5858,보간
PHOENIX,29,5858,보간
PHOENIX,30,5858,보간
PHOENIX,31,5859,보간
PHOENIX,32,5859,보간
PHOENIX,33,5859,보간
PHOENIX,34,5859,보간
PHOENIX,35,5859,보간
PHOENIX,36,5859,곁칸
PHOENIX,37,5859,곁칸
PHOENIX,38,5860,직독
PHOENIX,39,5860,직독
PHOENIX,40,5860,곁칸
PHOENIX,41,5869,곁칸
PHOENIX,42,5869,곁칸
PHOENIX,43,5870,직독
PHOENIX,44,5870,곁칸
PHOENIX,45,5870,직독
PHOENIX,46,5870,곁칸
PHOENIX,47,5870,곁칸
PHOENIX,48,5870,보간
PHOENIX,49,5870,보간
PHOENIX,50,5870,보간
PHOENIX,51,5870,곁칸
PHOENIX,52,5870,곁칸
PHOENIX,53,5871,직독
PHOENIX,54,5871,곁칸
PHOENIX,55,5871,곁칸
PHOENIX,125,4604,곁칸
PHOENIX,126,4604,곁칸
PHOENIX,127,4604,직독
PHOENIX,128,4604,곁칸
PHOENIX,129,4604,곁칸
PHOENIX,131,5854,곁칸
PHOENIX,132,5854,곁칸
D16,1,4793,직독
D16,2,4793,곁칸
D16,3,4793,곁칸
D16,4,4794,보간
D16,5,4794,보간
D16,6,4794,보간
D16,7,4795,보간
D16,8,4795,곁칸
D16,9,4795,곁칸
D16,10,4796,직독
D16,11,4796,곁칸
D16,12,4796,곁칸
D16,13,4796,보간
D16,14,4796,보간
D16,15,4796,보간
D16,16,4796,보간
D16,17,4796,곁칸
D16,18,4796,곁칸
D16,19,4797,직독
D16,20,4797,직독
D16,21,4797,곁칸
D16,22,4798,곁칸
D16,23,4798,보간
D16,24,4798,보간
D16,25,4798,보간
D16,26,4799,보간
D16,27,4799,보간
D16,28,4799,보간
D16,29,4799,곁칸
D16,30,4799,곁칸
D16,31,4800,직독
D16,32,4800,곁칸
D16,33,4800,곁칸
D16,34,4800,곁칸
D16,35,4800,곁칸
D16,36,4801,직독
D16,37,4801,곁칸
D16,38,4801,곁칸
D16,39,4801,보간
D16,40,4801,보간
D16,41,4801,보간
D16,42,4801,보간
D16,43,4801,보간
D16,44,4801,보간
D16,45,4801,보간
D16,46,4801,보간
D16,47,4801,보간
D16,48,4801,보간
D16,49,4801,보간
D16,50,4801,보간
D16,51,4801,보간
D16,52,4801,보간
D16,53,4801,보간
D16,54,4801,보간
D16,55,4801,보간
D16,56,4801,보간
D16,57,4801,보간
D16,58,4801,보간
D16,59,4801,보간
D16,60,4801,보간
D16,61,4801,보간
D16,62,4801,보간
D16,63,4801,보간
D16,64,4801,곁칸
D16,65,4801,곁칸
D16,66,4801,직독
D16,67,4802,직독
D16,68,4802,곁칸
D16,69,4802,곁칸
D16,74,4793,곁칸
D16,75,4793,곁칸
D17,1,4811,직독
D17,2,4811,직독
D17,3,4811,곁칸
D17,4,4812,곁칸
D17,5,4812,보간
D17,6,4812,보간
D17,7,4812,보간
D17,8,4813,보간
D17,9,4813,보간
D17,10,4813,보간
D17,11,4813,보간
D17,12,4814,보간
D17,13,4814,보간
D17,14,4814,보간
D17,15,4814,보간
D17,16,4815,곁칸
D17,17,4815,곁칸
D17,18,4815,직독
D17,19,4815,직독
D17,20,4815,곁칸
D17,21,4816,곁칸
D17,22,4816,보간
D17,23,4816,보간
D17,24,4816,보간
D17,25,4816,보간
D17,26,4816,보간
D17,27,4816,보간
D17,28,4817,보간
D17,29,4817,보간
D17,30,4817,보간
D17,31,4817,보간
D17,32,4817,보간
D17,33,4817,보간
D17,34,4817,보간
D17,35,4817,보간
D17,36,4818,보간
D17,37,4818,보간
D17,38,4818,보간
D17,39,4818,보간
D17,40,4818,보간
D17,41,4818,보간
D17,42,4818,곁칸
D17,43,4818,곁칸
D17,44,4819,직독
D17,45,4819,곁칸
D17,46,4819,곁칸
D17,47,4819,보간
D17,48,4819,보간
D17,49,4819,보간
D17,50,4820,보간
D17,51,4820,보간
D17,52,4820,보간
D17,53,4821,보간
D17,54,4821,보간
D17,55,4821,보간
D17,56,4821,보간
D17,57,4822,보간
D17,58,4822,보간
D17,59,4822,보간
D17,60,4823,보간
D17,61,4823,보간
D17,62,4823,보간
D17,63,4824,곁칸
D17,64,4824,곁칸
D17,65,4824,직독
D17,66,4824,곁칸
D17,67,4824,곁칸
D17,68,4827,보간
D17,69,4827,보간
D17,70,4827,보간
D17,71,4827,보간
D17,72,4827,보간
D17,73,4827,보간
D17,74,4827,보간
D17,75,4827,보간
D17,76,4827,보간
D17,77,4827,보간
D17,78,4827,보간
D17,79,4827,보간
D17,80,4827,보간
D17,81,4827,보간
D17,82,4827,보간
D17,83,4827,곁칸
D17,84,4827,곁칸
D17,85,4828,직독
D17,86,4828,직독
D17,87,4828,곁칸
D17,88,4829,곁칸
D17,89,4829,보간
D17,90,4829,보간
D17,91,4829,보간
D17,92,4830,보간
D17,93,4830,보간
D17,94,4830,보간
D17,95,4830,보간
D17,96,4830,보간
D17,97,4811,곁칸
D17,98,4811,곁칸
D18,1,4839,곁칸
D18,2,4839,곁칸
D18,3,4839,곁칸
D18,24,4839,곁칸
D18,25,4839,곁칸
D18,26,4839,직독
D18,27,4839,곁칸
D18,28,4839,곁칸
D18,29,4839,보간
D18,30,4839,보간
D18,31,4839,보간
D18,32,4839,보간
D18,33,4839,보간
D18,34,4840,보간
D18,35,4840,보간
D18,36,4840,보간
D18,37,4840,보간
D18,38,4840,보간
D18,39,4841,보간
D18,40,4841,보간
D18,41,4841,보간
D18,42,4841,보간
D18,43,4841,보간
D18,44,4841,보간
D18,45,4842,보간
D18,46,4842,보간
D18,47,4842,보간
D18,48,4842,보간
D18,49,4842,보간
D18,50,4843,곁칸
D18,51,4843,곁칸
D18,52,4843,직독
D18,53,4843,직독
D18,54,4843,곁칸
D18,55,4844,곁칸
D18,56,4844,보간
D18,57,4844,보간
D18,58,4844,보간
D18,59,4844,보간
D18,60,4844,보간
D18,61,4845,보간
D18,62,4845,보간
D18,63,4845,보간
D18,64,4845,보간
D18,65,4845,보간
D18,66,4845,보간
D18,67,4846,보간
D18,68,4846,보간
D18,69,4846,보간
D18,70,4846,보간
D18,71,4846,보간
D18,72,4846,보간
D18,73,4847,곁칸
D18,74,4847,곁칸
D18,75,4847,직독
D18,76,4847,곁칸
D18,77,4847,곁칸
D18,78,4847,보간
D18,79,4847,보간
D18,80,4848,보간
D18,81,4848,보간
D18,82,4849,보간
D18,83,4849,보간
D18,84,4850,곁칸
D18,85,4850,곁칸
D18,86,4850,직독
D18,87,4850,곁칸
D18,88,4850,곁칸
D18,89,4850,보간
D18,90,4850,보간
D18,91,4850,보간
D18,92,4851,곁칸
D18,93,4851,곁칸
D18,94,4851,직독
D18,95,4851,직독
D18,96,4851,곁칸
D18,97,4852,곁칸
D18,98,4852,보간
D18,99,4852,보간
D18,100,4853,보간
D18,101,4853,보간
D18,102,4853,보간
D18,103,4853,보간
D18,104,4853,보간
D18,105,4854,보간
D18,106,4854,보간
D18,107,4854,보간
D18,108,4854,보간
D18,109,4854,보간
D18,110,4855,보간
D18,111,4855,보간
D18,112,4855,곁칸
D18,113,4855,곁칸
D18,114,4856,직독
D18,115,4856,직독
D18,116,4856,곁칸
D18,117,4857,곁칸
D18,118,4857,보간
D18,119,4857,보간
D18,120,4857,보간
D18,121,4857,보간
D18,122,4857,보간
D18,123,4857,보간
D18,124,4857,보간
D18,125,4857,보간
D18,126,4857,보간
D18,127,4858,보간
D18,128,4858,보간
D18,129,4858,보간
D18,130,4858,보간
D18,131,4858,보간
D18,132,4858,보간
D18,133,4858,보간
D18,134,4858,보간
D18,135,4858,보간
D18,136,4859,곁칸
D18,137,4859,곁칸
D18,138,4859,직독
D18,139,4859,곁칸
D18,140,4859,곁칸
D18,157,4839,곁칸
D18,158,4839,곁칸
PRIME,1,4866,직독
PRIME,2,4866,직독
PRIME,3,4866,곁칸
PRIME,4,4868,곁칸
PRIME,5,4868,보간
PRIME,6,4868,보간
PRIME,7,4868,보간
PRIME,8,4869,보간
PRIME,9,4869,보간
PRIME,10,4869,보간
PRIME,11,4870,보간
PRIME,12,4870,보간
PRIME,13,4870,보간
PRIME,14,4871,곁칸
PRIME,15,4871,곁칸
PRIME,16,4871,직독
PRIME,17,4871,곁칸
PRIME,18,4871,곁칸
PRIME,19,4870,보간
PRIME,20,4870,보간
PRIME,21,4870,보간
PRIME,22,4870,보간
PRIME,23,4870,보간
PRIME,24,4870,보간
PRIME,25,4870,보간
PRIME,26,4870,보간
PRIME,27,4870,보간
PRIME,28,4870,보간
PRIME,29,4870,보간
PRIME,30,4869,보간
PRIME,31,4869,보간
PRIME,32,4869,보간
PRIME,33,4869,보간
PRIME,34,4869,보간
PRIME,35,4869,보간
PRIME,36,4869,보간
PRIME,37,4869,보간
PRIME,38,4869,보간
PRIME,39,4869,보간
PRIME,40,4869,보간
PRIME,41,4868,보간
PRIME,42,4868,보간
PRIME,43,4868,보간
PRIME,44,4868,보간
PRIME,45,4868,보간
PRIME,46,4868,보간
PRIME,47,4868,보간
PRIME,48,4868,보간
PRIME,49,4868,보간
PRIME,50,4868,보간
PRIME,51,4868,보간
PRIME,52,4868,보간
PRIME,53,4867,보간
PRIME,54,4867,보간
PRIME,55,4867,보간
PRIME,56,4867,보간
PRIME,57,4867,보간
PRIME,58,4867,보간
PRIME,59,4867,보간
PRIME,60,4867,보간
PRIME,61,4867,보간
PRIME,62,4867,보간
PRIME,63,4867,보간
PRIME,64,4866,보간
PRIME,65,4866,보간
PRIME,66,4866,보간
PRIME,67,4866,보간
PRIME,68,4866,보간
PRIME,69,4866,보간
PRIME,70,4866,보간
PRIME,71,4866,보간
PRIME,72,4866,보간
PRIME,73,4866,보간
PRIME,74,4866,보간
PRIME,75,4866,곁칸
PRIME,76,4866,곁칸
D19,1,5040,직독
D19,2,5040,곁칸
D19,3,5040,곁칸
D19,4,5042,직독
D19,5,5042,곁칸
D19,6,5042,곁칸
D19,7,5042,보간
D19,8,5042,보간
D19,9,5042,보간
D19,10,5042,보간
D19,11,5042,보간
D19,12,5042,보간
D19,13,5043,보간
D19,14,5043,보간
D19,15,5043,보간
D19,16,5043,보간
D19,17,5043,보간
D19,18,5043,보간
D19,19,5044,보간
D19,20,5044,보간
D19,21,5044,보간
D19,22,5044,보간
D19,23,5044,보간
D19,24,5044,보간
D19,25,5045,곁칸
D19,26,5045,곁칸
D19,27,5045,직독
D19,28,5045,직독
D19,29,5045,곁칸
D19,30,5046,곁칸
D19,31,5046,보간
D19,32,5046,보간
D19,33,5046,보간
D19,34,5046,보간
D19,35,5046,보간
D19,36,5046,보간
D19,37,5046,보간
D19,38,5047,보간
D19,39,5047,보간
D19,40,5047,보간
D19,41,5047,보간
D19,42,5047,보간
D19,43,5047,보간
D19,44,5047,보간
D19,45,5047,보간
D19,46,5047,곁칸
D19,47,5047,곁칸
D19,48,5048,직독
D19,49,5048,곁칸
D19,50,5048,곁칸
D19,51,5048,보간
D19,52,5048,보간
D19,53,5048,곁칸
D19,54,5048,곁칸
D19,55,5048,직독
D19,56,5049,곁칸
D19,57,5049,곁칸
D19,58,5049,보간
D19,59,5049,보간
D19,60,5049,보간
D19,61,5049,보간
D19,62,5049,곁칸
D19,63,5049,곁칸
D19,64,5050,직독
D19,65,5050,곁칸
D19,66,5050,직독
D19,67,5044,곁칸
D19,68,5044,곁칸
D19,69,5044,직독
D19,70,5044,직독
D19,71,5044,곁칸
D19,72,5053,곁칸
D19,73,5053,보간
D19,74,5053,보간
D19,75,5053,보간
D19,76,5053,곁칸
D19,77,5053,곁칸
D19,78,5054,직독
D19,79,5054,곁칸
D19,80,5054,곁칸
D19,81,5054,보간
D19,82,5054,보간
D19,83,5054,보간
D19,84,5055,보간
D19,85,5055,보간
D19,86,5055,보간
D19,87,5055,보간
D19,88,5056,보간
D19,89,5056,보간
D19,90,5056,보간
D19,91,5056,보간
D19,92,5057,보간
D19,93,5057,보간
D19,94,5057,보간
D19,95,5057,보간
D19,96,5058,보간
D19,97,5058,보간
D19,98,5058,보간
D19,99,5059,곁칸
D19,100,5059,곁칸
D19,101,5059,직독
D19,102,5059,곁칸
D19,103,5059,곁칸
D19,104,5060,곁칸
D19,105,5061,곁칸
D19,106,5062,직독
D19,107,5062,곁칸
D19,108,5062,곁칸
D19,117,5040,곁칸
D19,118,5040,곁칸
D20,1,5069,곁칸
D20,2,5069,곁칸
D20,3,5069,곁칸
D20,29,5070,곁칸
D20,30,5070,곁칸
D20,31,5070,직독
D20,32,5070,곁칸
D20,33,5070,곁칸
D20,34,5070,보간
D20,35,5070,보간
D20,36,5070,보간
D20,37,5070,보간
D20,38,5071,보간
D20,39,5071,보간
D20,40,5071,보간
D20,41,5071,보간
D20,42,5071,보간
D20,43,5071,보간
D20,44,5071,보간
D20,45,5072,보간
D20,46,5072,보간
D20,47,5072,보간
D20,48,5072,보간
D20,49,5072,보간
D20,50,5072,보간
D20,51,5072,보간
D20,52,5073,보간
D20,53,5073,보간
D20,54,5073,보간
D20,55,5073,보간
D20,56,5073,보간
D20,57,5073,곁칸
D20,58,5073,곁칸
D20,59,5074,직독
D20,60,5074,직독
D20,61,5074,곁칸
D20,62,5075,곁칸
D20,63,5075,보간
D20,64,5075,보간
D20,65,5075,보간
D20,66,5075,보간
D20,67,5075,보간
D20,68,5075,보간
D20,69,5075,보간
D20,70,5076,보간
D20,71,5076,보간
D20,72,5076,보간
D20,73,5076,보간
D20,74,5076,보간
D20,75,5076,보간
D20,76,5076,보간
D20,77,5076,보간
D20,78,5076,보간
D20,79,5077,보간
D20,80,5077,보간
D20,81,5077,보간
D20,82,5077,보간
D20,83,5077,보간
D20,84,5077,보간
D20,85,5077,보간
D20,86,5077,보간
D20,87,5077,곁칸
D20,88,5069,곁칸
D20,89,5069,직독
D20,90,5069,직독
D20,91,5069,곁칸
D20,92,5069,곁칸
D20,93,5078,보간
D20,94,5078,보간
D20,95,5078,보간
D20,96,5078,곁칸
D20,97,5078,곁칸
D20,98,5079,직독
D20,99,5079,곁칸
D20,100,5079,곁칸
D20,101,5081,곁칸
D20,102,5081,곁칸
D20,103,5082,직독
D20,104,5082,곁칸
D20,105,5082,곁칸
D20,106,5083,직독
D20,107,5083,곁칸
D20,108,5083,곁칸
D20,128,5069,곁칸
D20,129,5069,곁칸
D21,1,5085,직독
D21,2,5085,직독
D21,3,5085,곁칸
D21,4,5086,곁칸
D21,5,5086,보간
D21,6,5086,보간
D21,7,5086,보간
D21,8,5087,보간
D21,9,5087,보간
D21,10,5087,보간
D21,11,5087,보간
D21,12,5087,보간
D21,13,5087,보간
D21,14,5088,보간
D21,15,5088,보간
D21,16,5088,보간
D21,17,5088,보간
D21,18,5088,보간
D21,19,5088,보간
D21,20,5089,보간
D21,21,5089,보간
D21,22,5089,보간
D21,23,5089,곁칸
D21,24,5089,곁칸
D21,25,5090,직독
D21,26,5090,직독
D21,27,5090,곁칸
D21,28,5091,곁칸
D21,29,5091,보간
D21,30,5091,보간
D21,31,5091,보간
D21,32,5091,보간
D21,33,5091,보간
D21,34,5092,보간
D21,35,5092,보간
D21,36,5092,보간
D21,37,5092,보간
D21,38,5092,보간
D21,39,5092,보간
D21,40,5092,보간
D21,41,5092,보간
D21,42,5093,보간
D21,43,5093,보간
D21,44,5093,보간
D21,45,5093,보간
D21,46,5093,보간
D21,47,5093,보간
D21,48,5093,곁칸
D21,49,5093,곁칸
D21,50,5094,직독
D21,51,5094,곁칸
D21,52,5094,곁칸
D21,53,5095,보간
D21,54,5095,보간
D21,55,5095,보간
D21,56,5095,보간
D21,57,5095,보간
D21,58,5095,보간
D21,59,5095,곁칸
D21,60,5095,곁칸
D21,61,5096,직독
D21,62,5096,곁칸
D21,63,5096,곁칸
D21,64,5096,보간
D21,65,5097,보간
D21,66,5097,보간
D21,67,5097,보간
D21,68,5098,보간
D21,69,5098,곁칸
D21,70,5098,곁칸
D21,71,5099,직독
D21,72,5099,직독
D21,73,5099,곁칸
D21,74,5101,곁칸
D21,75,5101,보간
D21,76,5102,보간
D21,77,5102,보간
D21,78,5102,보간
D21,79,5102,보간
D21,80,5103,보간
D21,81,5103,보간
D21,82,5103,보간
D21,83,5103,보간
D21,84,5104,보간
D21,85,5104,보간
D21,86,5104,곁칸
D21,87,5104,곁칸
D21,88,5105,직독
D21,89,5105,곁칸
D21,90,5105,곁칸
D21,109,5085,곁칸
D21,110,5085,곁칸
D22,1,5302,곁칸
D22,2,5302,곁칸
D22,3,5302,곁칸
D22,29,5302,곁칸
D22,30,5302,곁칸
D22,31,5302,직독
D22,32,5302,곁칸
D22,33,5302,곁칸
D22,34,5302,보간
D22,35,5302,보간
D22,36,5302,보간
D22,37,5303,보간
D22,38,5303,보간
D22,39,5303,보간
D22,40,5303,보간
D22,41,5303,보간
D22,42,5303,보간
D22,43,5304,보간
D22,44,5304,보간
D22,45,5304,보간
D22,46,5304,곁칸
D22,47,5304,곁칸
D22,48,5305,직독
D22,49,5305,곁칸
D22,50,5305,곁칸
D22,51,5305,보간
D22,52,5305,보간
D22,53,5305,보간
D22,54,5305,보간
D22,55,5306,보간
D22,56,5306,보간
D22,57,5306,보간
D22,58,5306,보간
D22,59,5306,보간
D22,60,5306,보간
D22,61,5306,보간
D22,62,5307,보간
D22,63,5307,보간
D22,64,5307,보간
D22,65,5307,보간
D22,66,5307,곁칸
D22,67,5307,곁칸
D22,68,5308,직독
D22,69,5308,곁칸
D22,70,5308,곁칸
D22,71,5309,곁칸
D22,72,5309,곁칸
D22,73,5310,직독
D22,74,5310,곁칸
D22,75,5310,곁칸
D22,76,5310,보간
D22,77,5310,곁칸
D22,78,5310,곁칸
D22,79,5311,직독
D22,80,5311,직독
D22,81,5311,곁칸
D22,82,5312,곁칸
D22,83,5312,보간
D22,84,5312,보간
D22,85,5312,보간
D22,86,5313,보간
D22,87,5313,보간
D22,88,5313,보간
D22,89,5313,보간
D22,90,5313,보간
D22,91,5313,보간
D22,92,5314,보간
D22,93,5314,보간
D22,94,5314,보간
D22,95,5314,보간
D22,96,5314,보간
D22,97,5314,보간
D22,98,5315,보간
D22,99,5315,보간
D22,100,5315,보간
D22,101,5315,곁칸
D22,102,5315,곁칸
D22,103,5316,직독
D22,104,5316,곁칸
D22,105,5316,곁칸
D22,106,5316,보간
D22,107,5316,곁칸
D22,108,5316,곁칸
D22,109,5317,직독
D22,110,5317,곁칸
D22,111,5317,곁칸
D22,112,5318,보간
D22,113,5318,곁칸
D22,114,5318,곁칸
D22,115,5319,직독
D22,116,5319,곁칸
D22,117,5319,곁칸
D22,122,5302,곁칸
D22,123,5302,곁칸
D23,1,5326,직독
D23,2,5326,곁칸
D23,3,5326,곁칸
D23,4,5343,보간
D23,5,5344,보간
D23,6,5344,보간
D23,7,5344,보간
D23,8,5344,보간
D23,9,5345,보간
D23,10,5345,곁칸
D23,11,5345,곁칸
D23,12,5346,직독
D23,13,5346,곁칸
D23,14,5346,곁칸
D23,15,5346,보간
D23,16,5346,보간
D23,17,5346,보간
D23,18,5346,보간
D23,19,5346,보간
D23,20,5346,보간
D23,21,5346,곁칸
D23,22,5346,곁칸
D23,23,5326,직독
D23,24,5326,곁칸
D23,25,5326,직독
D23,26,5326,직독
D23,27,5326,곁칸
D23,28,5327,곁칸
D23,29,5327,곁칸
D23,30,5327,곁칸
D23,31,5327,직독
D23,32,5327,직독
D23,33,5327,곁칸
D23,34,5327,곁칸
D23,35,5328,보간
D23,36,5328,보간
D23,37,5328,보간
D23,38,5328,보간
D23,39,5328,보간
D23,40,5328,보간
D23,41,5328,보간
D23,42,5328,보간
D23,43,5328,보간
D23,44,5329,보간
D23,45,5329,보간
D23,46,5329,보간
D23,47,5329,보간
D23,48,5329,보간
D23,49,5329,보간
D23,50,5329,곁칸
D23,51,5329,곁칸
D23,52,5329,직독
D23,53,5330,곁칸
D23,54,5330,곁칸
D23,55,5330,보간
D23,56,5330,보간
D23,57,5330,보간
D23,58,5330,보간
D23,59,5330,곁칸
D23,60,5330,곁칸
D23,61,5331,직독
D23,62,5331,곁칸
D23,63,5331,곁칸
D23,64,5332,보간
D23,65,5333,곁칸
D23,66,5333,곁칸
D23,67,5333,직독
D23,68,5333,곁칸
D23,69,5333,직독
D23,70,5334,곁칸
D23,71,5334,곁칸
D23,72,5334,보간
D23,73,5334,곁칸
D23,74,5334,곁칸
D23,75,5335,직독
D23,76,5335,곁칸
D23,77,5335,곁칸
D23,78,5336,보간
D23,79,5337,보간
D23,80,5338,보간
D23,81,5339,곁칸
D23,82,5339,곁칸
D23,83,5339,직독
D23,84,5339,곁칸
D23,85,5339,곁칸
D23,86,5339,보간
D23,87,5339,보간
D23,88,5340,보간
D23,89,5340,보간
D23,90,5340,보간
D23,91,5341,곁칸
D23,92,5341,곁칸
D23,93,5341,직독
D23,94,5341,곁칸
D23,95,5341,곁칸
D23,96,5341,보간
D23,97,5341,보간
D23,98,5341,보간
D23,99,5342,보간
D23,100,5342,보간
D23,101,5342,보간
D23,102,5343,곁칸
D23,103,5343,곁칸
D23,105,5326,곁칸
D23,106,5326,곁칸
D24,1,5352,곁칸
D24,2,5352,곁칸
D24,3,5352,곁칸
D24,53,5352,곁칸
D24,54,5352,곁칸
D24,55,5352,직독
D24,56,5352,곁칸
D24,57,5352,곁칸
D24,58,5353,보간
D24,59,5353,보간
D24,60,5353,보간
D24,61,5354,곁칸
D24,62,5354,곁칸
D24,63,5355,직독
D24,64,5355,곁칸
D24,65,5355,곁칸
D24,66,5355,보간
D24,67,5355,보간
D24,68,5355,보간
D24,69,5355,보간
D24,70,5355,보간
D24,71,5355,보간
D24,72,5355,곁칸
D24,73,5355,곁칸
D24,74,5356,직독
D24,75,5356,곁칸
D24,76,5356,곁칸
D24,77,5357,직독
D24,78,5357,직독
D24,79,5357,곁칸
D24,80,5358,곁칸
D24,81,5358,보간
D24,82,5358,보간
D24,83,5358,보간
D24,84,5359,보간
D24,85,5359,보간
D24,86,5359,보간
D24,87,5359,보간
D24,88,5359,보간
D24,89,5360,보간
D24,90,5360,보간
D24,91,5360,보간
D24,92,5360,곁칸
D24,93,5360,곁칸
D24,94,5361,직독
D24,95,5361,곁칸
D24,96,5361,곁칸
D24,104,5352,곁칸
D24,105,5352,곁칸
D25,1,5581,직독
D25,2,5581,직독
D25,3,5581,곁칸
D25,4,5583,곁칸
D25,5,5583,보간
D25,6,5583,보간
D25,7,5583,보간
D25,8,5584,보간
D25,9,5584,보간
D25,10,5584,보간
D25,11,5584,보간
D25,12,5585,곁칸
D25,13,5585,곁칸
D25,14,5585,직독
D25,15,5585,곁칸
D25,16,5585,곁칸
D25,17,5586,직독
D25,18,5586,직독
D25,19,5586,곁칸
D25,20,5587,곁칸
D25,21,5587,보간
D25,22,5587,보간
D25,23,5587,보간
D25,24,5587,보간
D25,25,5587,보간
D25,26,5588,보간
D25,27,5588,보간
D25,28,5588,보간
D25,29,5588,보간
D25,30,5588,보간
D25,31,5588,곁칸
D25,32,5588,곁칸
D25,33,5589,직독
D25,34,5589,직독
D25,35,5589,직독
D25,36,5590,곁칸
D25,37,5591,곁칸
D25,38,5591,곁칸
D25,39,5591,곁칸
D25,40,5592,직독
D25,41,5592,곁칸
D25,42,5592,곁칸
D25,43,5592,보간
D25,44,5592,보간
D25,45,5592,보간
D25,46,5592,보간
D25,47,5592,보간
D25,48,5592,보간
D25,49,5592,보간
D25,50,5592,곁칸
D25,51,5592,곁칸
D25,52,5593,직독
D25,53,5593,곁칸
D25,54,5593,곁칸
D25,55,5581,곁칸
D25,56,5581,곁칸
D25,57,5581,곁칸
D26,1,5597,직독
D26,2,5597,곁칸
D26,3,5597,곁칸
D26,4,5609,곁칸
D26,5,5609,곁칸
D26,6,5609,직독
D26,7,5608,곁칸
D26,8,5608,곁칸
D26,9,5608,보간
D26,10,5608,보간
D26,11,5608,보간
D26,12,5607,보간
D26,13,5607,보간
D26,14,5607,보간
D26,15,5607,보간
D26,16,5601,곁칸
D26,17,5601,곁칸
D26,18,5601,직독
D26,19,5601,곁칸
D26,20,5601,곁칸
D26,21,5606,보간
D26,22,5605,보간
D26,23,5605,보간
D26,24,5605,곁칸
D26,25,5605,곁칸
D26,26,5605,직독
D26,27,5605,곁칸
D26,28,5597,곁칸
D26,29,5597,곁칸
D27,1,5611,직독
D27,2,5611,곁칸
D27,3,5611,곁칸
D27,4,5612,곁칸
D27,5,5613,곁칸
D27,6,5614,직독
D27,7,5614,곁칸
D27,8,5614,곁칸
D27,9,5616,곁칸
D27,10,5611,직독
D27,11,5611,곁칸
