표적,초,알,종류
nolja_0814,3566,23,난이도존
nolja_0814,3567,23,난이도존
nolja_0814,3568,23,난이도존
nolja_0814,3569,23,난이도존
nolja_0814,3570,23,난이도존
nolja_0814,3591,26,난이도존
nolja_0814,3592,26,난이도존
nolja_0814,4274,7,난이도존
nolja_0814,4275,7,난이도존
nolja_0814,4276,7,난이도존
nolja_0814,4574,15,난이도존
nolja_0814,4575,15,난이도존
nolja_0814,4576,15,난이도존
nolja_0814,4577,15,난이도존
nolja_0814,4578,15,난이도존
nolja_0814,2117,9,난이도존
nolja_0814,2118,9,난이도존
nolja_0814,2119,9,난이도존
nolja_0814,2120,9,난이도존
nolja_0814,2121,9,난이도존
nolja_0814,2122,9,난이도존
nolja_0814,2123,9,난이도존
nolja_0814,2124,9,난이도존
nolja_0814,2125,9,난이도존
nolja_0814,2126,9,난이도존
nolja_0814,2127,9,난이도존
nolja_0814,2128,9,난이도존
nolja_0814,2129,9,난이도존
nolja_0814,2130,9,난이도존
nolja_0814,2131,9,난이도존
nolja_0814,2132,9,난이도존
nolja_0814,2133,9,난이도존
