시리즈존,존전체곡수,번호,확정도,곡,판독,VOD시각
1st~ZERO,81,1,화면에나옴,디그니티 - FULL SONG -,재판독,22:40~23:12 / 26:58~27:35
1st~ZERO,81,2,화면에나옴,디그니티,재판독,22:40~23:12 / 26:58~27:35
1st~ZERO,81,3,화면에나옴,슬램,재판독,22:40~23:12 / 26:58~27:35
1st~ZERO,81,4,화면에나옴,또다른 진심,재판독,22:40~23:12 / 26:58~27:35
1st~ZERO,81,5,화면에나옴,비트 오브 더 워 2,재판독,22:40~23:12 / 26:58~27:35
1st~ZERO,81,6,화면에나옴,월광,재판독,22:40~23:12 / 26:58~27:35
1st~ZERO,81,7,화면에나옴,위치 닥터,재판독,22:40~23:12 / 26:58~27:35
1st~ZERO,81,8,화면에나옴,러브 이즈 어 데인저 존 pt.2,재판독,22:40~23:12 / 26:58~27:35
1st~ZERO,81,9,화면에나옴,팬텀,재판독,22:40~23:12 / 26:58~27:35
1st~ZERO,81,10,화면에나옴,파파 곤잘레스,재판독,22:40~23:12 / 26:58~27:35
1st~ZERO,81,11,화면에나옴,점프,재판독,22:40~23:12 / 26:58~27:35
1st~ZERO,81,12,화면에나옴,러브 이즈 어 데인저 존 2 (Try To B.P.M),재판독,22:40~23:12 / 26:58~27:35
1st~ZERO,81,13,화면에나옴,러브 이즈 어 데인저 존 pt.2 어나더,재판독,22:40~23:12 / 26:58~27:35
1st~ZERO,81,14,화면에나옴,제이 봉,재판독,22:40~23:12 / 26:58~27:35
1st~ZERO,81,15,화면에나옴,하이 바이,재판독,22:40~23:12 / 26:58~27:35
1st~ZERO,81,16,화면에나옴,무혼 2,재판독,22:40~23:12 / 26:58~27:35
1st~ZERO,81,17,화면에나옴,캐논 디,재판독,22:40~23:12 / 26:58~27:35
1st~ZERO,81,18,화면에나옴,트림 북 오브 더 워,재판독,22:40~23:12 / 26:58~27:35
1st~ZERO,81,19,화면에나옴,반야 클래식 리믹스,재판독,22:40~23:12 / 26:58~27:35
1st~ZERO,81,20,화면에나옴,반야 힙합 리믹스,재판독,22:40~23:12 / 26:58~27:35
1st~ZERO,81,21,화면에나옴,캐논 디 - FULL SONG -,재판독,22:40~23:12 / 26:58~27:35
1st~ZERO,81,22,화면에나옴,파이널 오디션 3,재판독,22:40~23:12 / 26:58~27:35
1st~ZERO,81,23,화면에나옴,태동 2,재판독,22:40~23:12 / 26:58~27:35
1st~ZERO,81,24,화면에나옴,몽키 핑거즈,재판독,22:40~23:12 / 26:58~27:35
1st~ZERO,81,25,보간,블레이징,재판독,22:40~23:12 / 26:58~27:35
1st~ZERO,81,26,보간,펌프 미 아마데우스,재판독,22:40~23:12 / 26:58~27:35
1st~ZERO,81,27,보간,엑스트림,재판독,22:40~23:12 / 26:58~27:35
1st~ZERO,81,28,보간,겟 업!,재판독,22:40~23:12 / 26:58~27:35
1st~ZERO,81,29,보간,비,재판독,22:40~23:12 / 26:58~27:35
1st~ZERO,81,30,보간,디 갱,재판독,22:40~23:12 / 26:58~27:35
1st~ZERO,81,31,보간,헬로우,재판독,22:40~23:12 / 26:58~27:35
1st~ZERO,81,32,보간,비트 오브 더 워,재판독,22:40~23:12 / 26:58~27:35
1st~ZERO,81,33,보간,컴 투 미,재판독,22:40~23:12 / 26:58~27:35
1st~ZERO,81,34,보간,닥터 엠,재판독,22:40~23:12 / 26:58~27:35
1st~ZERO,81,35,보간,엠페러,재판독,22:40~23:12 / 26:58~27:35
1st~ZERO,81,36,보간,겟 유어 그루브 온,재판독,22:40~23:12 / 26:58~27:35
1st~ZERO,81,37,보간,러브 이즈 어 데인저 존,재판독,22:40~23:12 / 26:58~27:35
1st~ZERO,81,38,보간,마리아,재판독,22:40~23:12 / 26:58~27:35
1st~ZERO,81,39,보간,미션 파서블,재판독,22:40~23:12 / 26:58~27:35
1st~ZERO,81,40,보간,마이웨이,재판독,22:40~23:12 / 26:58~27:35
1st~ZERO,81,41,보간,포인트 브레이크,재판독,22:40~23:12 / 26:58~27:35
1st~ZERO,81,42,보간,스트리트 쇼다운,재판독,22:40~23:12 / 26:58~27:35
1st~ZERO,81,43,보간,탑 시티,재판독,22:40~23:12 / 26:58~27:35
1st~ZERO,81,44,보간,윈터,재판독,22:40~23:12 / 26:58~27:35
1st~ZERO,81,45,보간,윌 오 더 위스프,재판독,22:40~23:12 / 26:58~27:35
1st~ZERO,81,46,보간,틸 디 엔드 오브 타임,재판독,22:40~23:12 / 26:58~27:35
1st~ZERO,81,47,보간,오이 오이 오이,재판독,22:40~23:12 / 26:58~27:35
1st~ZERO,81,48,보간,위 윌 밋 어게인,재판독,22:40~23:12 / 26:58~27:35
1st~ZERO,81,49,보간,미스 에스 스토리,재판독,22:40~23:12 / 26:58~27:35
1st~ZERO,81,50,보간,셋 미 업,재판독,22:40~23:12 / 26:58~27:35
1st~ZERO,81,51,보간,댄스 위드 미,재판독,22:40~23:12 / 26:58~27:35
1st~ZERO,81,52,보간,부크,재판독,22:40~23:12 / 26:58~27:35
1st~ZERO,81,53,보간,우편마차,재판독,22:40~23:12 / 26:58~27:35
1st~ZERO,81,54,보간,치킨 윙,재판독,22:40~23:12 / 26:58~27:35
1st~ZERO,81,55,보간,라젠스키 캉캉,재판독,22:40~23:12 / 26:58~27:35
1st~ZERO,81,56,보간,파이널 오디션 에피소드 1,재판독,22:40~23:12 / 26:58~27:35
1st~ZERO,81,57,보간,엑스트라 반야 리믹스,재판독,22:40~23:12 / 26:58~27:35
1st~ZERO,81,58,보간,펌프 점프,재판독,22:40~23:12 / 26:58~27:35
1st~ZERO,81,59,화면에나옴,엔,재판독,22:40~23:12 / 26:58~27:35
1st~ZERO,81,60,화면에나옴,롤링 크리스마스,재판독,22:40~23:12 / 26:58~27:35
1st~ZERO,81,61,화면에나옴,올 아이 원트 포 크리스마스,재판독,22:40~23:12 / 26:58~27:35
1st~ZERO,81,62,화면에나옴,베토벤 바이러스,재판독,22:40~23:12 / 26:58~27:35
1st~ZERO,81,63,화면에나옴,오! 로사,재판독,22:40~23:12 / 26:58~27:35
1st~ZERO,81,64,보간,첫사랑,재판독,22:40~23:12 / 26:58~27:35
1st~ZERO,81,65,보간,사랑가,재판독,22:40~23:12 / 26:58~27:35
1st~ZERO,81,66,보간,무혼,재판독,22:40~23:12 / 26:58~27:35
1st~ZERO,81,67,화면에나옴,미스터 라푸스,재판독,22:40~23:12 / 26:58~27:35
1st~ZERO,81,68,화면에나옴,파이널 오디션 2,재판독,22:40~23:12 / 26:58~27:35
1st~ZERO,81,69,화면에나옴,태동,재판독,22:40~23:12 / 26:58~27:35
1st~ZERO,81,70,화면에나옴,터키 행진곡,재판독,22:40~23:12 / 26:58~27:35
1st~ZERO,81,71,화면에나옴,님과 함께,재판독,22:40~23:12 / 26:58~27:35
1st~ZERO,81,72,보간,서울구경,재판독,22:40~23:12 / 26:58~27:35
1st~ZERO,81,73,보간,악몽,재판독,22:40~23:12 / 26:58~27:35
1st~ZERO,81,74,보간,눈을 감아,재판독,22:40~23:12 / 26:58~27:35
1st~ZERO,81,75,보간,프리 스타일,재판독,22:40~23:12 / 26:58~27:35
1st~ZERO,81,76,보간,미드나잇 블루,재판독,22:40~23:12 / 26:58~27:35
1st~ZERO,81,77,보간,그녀는 피자를 좋아해,재판독,22:40~23:12 / 26:58~27:35
1st~ZERO,81,78,보간,펌핑업,재판독,22:40~23:12 / 26:58~27:35
1st~ZERO,81,79,화면에나옴,파이널 오디션,재판독,22:40~23:12 / 26:58~27:35
1st~ZERO,81,80,화면에나옴,엑스트라바간자,재판독,22:40~23:12 / 26:58~27:35
1st~ZERO,81,81,화면에나옴,리피토먼트 리믹스,재판독,22:40~23:12 / 26:58~27:35
NX~NXA,43,1,화면에나옴,블레이즈 이모션,재판독,13:52
NX~NXA,43,2,시각확정,캐논 X.1,재판독,13:51
NX~NXA,43,3,화면에나옴,젓가락 변주곡,재판독,13:51
NX~NXA,43,4,화면에나옴,사람들은 몰랐다네,재판독,13:53
NX~NXA,43,5,화면에나옴,디제이 오타다,재판독,13:54
NX~NXA,43,6,화면에나옴,케이.오.에이 : 엘리스 인 원더월드,재판독,13:55
NX~NXA,43,7,시각확정,마이 드림즈,재판독,13:57
NX~NXA,43,8,시각확정,토카타,재판독,13:58
NX~NXA,43,9,시각확정,파이널 오디션 에피소드 2-X,재판독,13:59
NX~NXA,43,10,시각확정,사람들은 펌핑업을 몰랐다네,재판독,14:00
NX~NXA,43,11,시각확정,미운 오리 토카타,재판독,14:01
NX~NXA,43,12,시각확정,카프리스 오브 디제이 오타다,재판독,14:02
NX~NXA,43,13,화면에나옴,닥터 케이오에이,재판독,14:03
NX~NXA,43,14,화면에나옴,터키 바이러스,재판독,14:04
NX~NXA,43,15,판독기록,젓가락 변주곡 - FULL SONG -,재판독,14:05
NX~NXA,43,16,판독기록,펌트리스 8비트 ver.,재판독,14:06
NX~NXA,43,17,판독기록,무혼 1.5,재판독,14:07
NX~NXA,43,18,화면에나옴,비트 더 고스트,재판독,14:08
NX~NXA,43,19,화면에나옴,카프리스 오브 오타다,재판독,14:09
NX~NXA,43,20,시각확정,머니,재판독,14:09
NX~NXA,43,21,화면에나옴,몽키 핑거즈 2,재판독,14:11
NX~NXA,43,22,화면에나옴,패스터 Z,재판독,14:11
NX~NXA,43,23,화면에나옴,펌트리스 꽈뜨로,재판독,14:12
NX~NXA,43,24,시각확정,기타 맨,재판독,14:13
NX~NXA,43,25,시각확정,히글디 피글디,재판독,14:14
NX~NXA,43,26,시각확정,잼 오 비트,재판독,14:15
NX~NXA,43,27,시각확정,반야-P 기타 리믹스,재판독,14:16
NX~NXA,43,28,시각확정,머니 핑거즈,재판독,14:17
NX~NXA,43,29,화면에나옴,위치 닥터 #1,재판독,14:18
NX~NXA,43,30,화면에나옴,아크 오브 다크니스,재판독,14:19
NX~NXA,43,31,화면에나옴,키메라,재판독,14:21
NX~NXA,43,32,화면에나옴,사랑가 2006,재판독,14:22
NX~NXA,43,33,시각확정,두 유 노우 댓-올드 스쿨,재판독,14:23
NX~NXA,43,34,시각확정,건락,재판독,14:24
NX~NXA,43,35,시각확정,투우사의 노래,재판독,14:25
NX~NXA,43,36,시각확정,미운 오리 새끼,재판독,14:26
NX~NXA,43,37,시각확정,파이널 오디션 에피소드 2-1,재판독,14:27
NX~NXA,43,38,시각확정,파이널 오디션 에피소드 2-2,재판독,14:28
NX~NXA,43,39,시각확정,위엑닥바,재판독,14:29
NX~NXA,43,40,시각확정,비메라,재판독,14:30
NX~NXA,43,41,시각확정,반야-P 클래식 리믹스,재판독,14:31
NX~NXA,43,42,화면에나옴,러브 이즈 어 데인저 존 2 - FULL SONG -,재판독,13:51
NX~NXA,43,43,화면에나옴,비트 오브 더 워 2 - FULL SONG -,재판독,13:51
FIESTA~FIESTA 2,105,1,화면에나옴,엘리제,재판독,14:39
FIESTA~FIESTA 2,105,2,화면에나옴,이그니스 패터스(DM Ashura 믹스),재판독,14:40
FIESTA~FIESTA 2,105,3,화면에나옴,러브 이즈 어 데인저 존(Cranky 믹스),재판독,14:41
FIESTA~FIESTA 2,105,4,화면에나옴,힙노시스(SynthWulf 믹스),재판독,14:42
FIESTA~FIESTA 2,105,5,화면에나옴,에프 에프 에프,재판독,14:43
FIESTA~FIESTA 2,105,6,화면에나옴,유니크,재판독,14:44
FIESTA~FIESTA 2,105,7,화면에나옴,엑시던트,재판독,14:44.5
FIESTA~FIESTA 2,105,8,화면에나옴,디,재판독,14:45.5
FIESTA~FIESTA 2,105,9,화면에나옴,유 갓 미 락킹,재판독,14:45.5
FIESTA~FIESTA 2,105,10,화면에나옴,루시드(PIU Edit),재판독,14:46.5
FIESTA~FIESTA 2,105,11,화면에나옴,로그인,재판독,14:46.5
FIESTA~FIESTA 2,105,12,화면에나옴,윈드밀,재판독,14:47.5
FIESTA~FIESTA 2,105,13,화면에나옴,팔로우 미,재판독,14:48.5
FIESTA~FIESTA 2,105,14,시각확정,여래아,재판독,14:50
FIESTA~FIESTA 2,105,15,시각확정,멘탈 라이더,재판독,14:51
FIESTA~FIESTA 2,105,16,시각확정,와라유도인?,재판독,14:52
FIESTA~FIESTA 2,105,17,시각확정,이그니스 패터스(DM Ashura 믹스) - SHORT CUT -,재판독,14:53
FIESTA~FIESTA 2,105,18,시각확정,에프 에프 에프 - SHORT CUT -,재판독,14:54
FIESTA~FIESTA 2,105,19,시각확정,유니크 - SHORT CUT -,재판독,14:55
FIESTA~FIESTA 2,105,20,시각확정,유 갓 미 락킹 - SHORT CUT -,재판독,14:56
FIESTA~FIESTA 2,105,21,화면에나옴,클리너,재판독,14:57.5
FIESTA~FIESTA 2,105,22,화면에나옴,인터퍼런스,재판독,14:58.5
FIESTA~FIESTA 2,105,23,화면에나옴,리얼리티,재판독,14:59.5
FIESTA~FIESTA 2,105,24,시각확정,테이크 아웃,재판독,18:13
FIESTA~FIESTA 2,105,25,시각확정,버터플라이,재판독,18:14
FIESTA~FIESTA 2,105,26,시각확정,오버블로우,재판독,18:15
FIESTA~FIESTA 2,105,27,시각확정,위 갓 투 노우,재판독,18:16
FIESTA~FIESTA 2,105,28,시각확정,헝가리 무곡 V,재판독,18:17
FIESTA~FIESTA 2,105,29,시각확정,마왕,재판독,18:18
FIESTA~FIESTA 2,105,30,시각확정,네이티브,재판독,18:19
FIESTA~FIESTA 2,105,31,시각확정,진공 청소기,재판독,18:20
FIESTA~FIESTA 2,105,32,시각확정,에브리바디 갓 투 노우,재판독,18:21
FIESTA~FIESTA 2,105,33,시각확정,인터퍼런스 - FULL SONG -,재판독,18:22
FIESTA~FIESTA 2,105,34,시각확정,트롯프리스 - SHORT CUT -,재판독,18:23
FIESTA~FIESTA 2,105,35,시각확정,클리너 - SHORT CUT -,재판독,18:24
FIESTA~FIESTA 2,105,36,시각확정,테이크 아웃 - SHORT CUT -,재판독,18:25
FIESTA~FIESTA 2,105,37,시각확정,오버블로우 - SHORT CUT -,재판독,18:26
FIESTA~FIESTA 2,105,38,시각확정,야근,재판독,18:27
FIESTA~FIESTA 2,105,39,시각확정,파반느,재판독,18:28
FIESTA~FIESTA 2,105,40,시각확정,잣,재판독,18:29
FIESTA~FIESTA 2,105,41,화면에나옴,ㅁㄴㅇㄹ,재판독,18:30
FIESTA~FIESTA 2,105,42,화면에나옴,조나단의 꿈,재판독,18:31
FIESTA~FIESTA 2,105,43,화면에나옴,엑스트리,재판독,18:32
FIESTA~FIESTA 2,105,44,화면에나옴,소서리스 엘리제,재판독,18:33
FIESTA~FIESTA 2,105,45,시각확정,사랑가 -2막-,재판독,18:33
FIESTA~FIESTA 2,105,46,시각확정,유 갓 투 노우,재판독,18:34
FIESTA~FIESTA 2,105,47,시각확정,데스티네이션,재판독,18:35
FIESTA~FIESTA 2,105,48,시각확정,진공,재판독,18:36
FIESTA~FIESTA 2,105,49,화면에나옴,두 잇 레게 스타일,재판독,18:37
FIESTA~FIESTA 2,105,50,화면에나옴,제네시스,재판독,18:38
FIESTA~FIESTA 2,105,51,화면에나옴,아리랑,재판독,18:39
FIESTA~FIESTA 2,105,52,화면에나옴,테크 -클럽 코펜하겐-,재판독,18:40
FIESTA~FIESTA 2,105,53,화면에나옴,안녕 윌리엄,재판독,18:41
FIESTA~FIESTA 2,105,54,시각확정,터키 행진곡 -미니멀튠즈-,재판독,18:41
FIESTA~FIESTA 2,105,55,화면에나옴,겟 업 (앤 고),재판독,18:42
FIESTA~FIESTA 2,105,56,화면에나옴,팬텀 -인터메조-,재판독,18:43
FIESTA~FIESTA 2,105,57,화면에나옴,미션 파서블 -블로우 백-,재판독,18:44
FIESTA~FIESTA 2,105,58,화면에나옴,펌핑 점핑,재판독,18:45
FIESTA~FIESTA 2,105,59,화면에나옴,반야 프로덕션 클래식 리믹스,재판독,18:46
FIESTA~FIESTA 2,105,60,화면에나옴,파파 헬로이징,재판독,18:47
FIESTA~FIESTA 2,105,61,시각확정,반야 프로덕션 클래식 리믹스 2,재판독,18:47
FIESTA~FIESTA 2,105,62,화면에나옴,셋업 미투 믹스,재판독,18:48
FIESTA~FIESTA 2,105,63,시각확정,엠.에스.군 리믹스 파트.6,재판독,18:49
FIESTA~FIESTA 2,105,64,시각확정,파이널 오디션 2 - SHORT CUT -,재판독,18:50
FIESTA~FIESTA 2,105,65,시각확정,파이널 오디션 3 - SHORT CUT -,재판독,18:51
FIESTA~FIESTA 2,105,66,시각확정,파이널 오디션 에피소드 2-X - SHORT CUT -,재판독,18:52
FIESTA~FIESTA 2,105,67,시각확정,러브 이즈 어 데인저 존 - SHORT CUT -,재판독,18:53
FIESTA~FIESTA 2,105,68,시각확정,러브 이즈 어 데인저 존 pt.2 - SHORT CUT -,재판독,18:54
FIESTA~FIESTA 2,105,69,화면에나옴,엑스트라바간자 - SHORT CUT -,재판독,18:55
FIESTA~FIESTA 2,105,70,화면에나옴,치킨 윙 - SHORT CUT -,재판독,18:56
FIESTA~FIESTA 2,105,71,화면에나옴,윈터 - SHORT CUT -,재판독,18:57
FIESTA~FIESTA 2,105,72,화면에나옴,무혼 2 - SHORT CUT -,재판독,18:58
FIESTA~FIESTA 2,105,73,화면에나옴,월광 - SHORT CUT -,재판독,18:59
FIESTA~FIESTA 2,105,74,시각확정,위치 닥터 - SHORT CUT -,재판독,18:59
FIESTA~FIESTA 2,105,75,시각확정,익시드2 오프닝 - SHORT CUT -,재판독,19:00
FIESTA~FIESTA 2,105,76,시각확정,NX 오프닝 - SHORT CUT -,재판독,19:01
FIESTA~FIESTA 2,105,77,시각확정,케이.오.에이 : 엘리스 인 원더월드 - SHORT CUT -,재판독,19:02
FIESTA~FIESTA 2,105,78,화면에나옴,비메라 - SHORT CUT -,재판독,19:03
FIESTA~FIESTA 2,105,79,화면에나옴,펌트리스 8비트 ver. - SHORT CUT -,재판독,19:04
FIESTA~FIESTA 2,105,80,시각확정,데스티네이션 - SHORT CUT -,재판독,19:05
FIESTA~FIESTA 2,105,81,화면에나옴,테프리스,재판독,19:06
FIESTA~FIESTA 2,105,82,화면에나옴,네이팜,재판독,19:07
FIESTA~FIESTA 2,105,83,시각확정,드림 투 나이트메어,재판독,22:12
FIESTA~FIESTA 2,105,84,화면에나옴,VVV,재판독,22:13
FIESTA~FIESTA 2,105,85,화면에나옴,팝 더 트랙,재판독,22:14
FIESTA~FIESTA 2,105,86,시각확정,파사칼리아,재판독,22:15
FIESTA~FIESTA 2,105,87,시각확정,바로크 바이러스,재판독,22:16
FIESTA~FIESTA 2,105,88,시각확정,인피니티 리믹스,재판독,22:17
FIESTA~FIESTA 2,105,89,시각확정,팝 더 트랙 - SHORT CUT -,재판독,22:18
FIESTA~FIESTA 2,105,90,시각확정,파사칼리아 - SHORT CUT -,재판독,22:19
FIESTA~FIESTA 2,105,91,시각확정,모노리스,재판독,22:20
FIESTA~FIESTA 2,105,92,시각확정,레이디버그,재판독,22:21
FIESTA~FIESTA 2,105,93,시각확정,키티 캣,재판독,22:22
FIESTA~FIESTA 2,105,94,시각확정,하드코어 오브 더 노스,재판독,22:23
FIESTA~FIESTA 2,105,95,시각확정,트라이브 어택커,재판독,22:24
FIESTA~FIESTA 2,105,96,시각확정,유토피아,재판독,22:25
FIESTA~FIESTA 2,105,97,시각확정,슈샤,재판독,22:26
FIESTA~FIESTA 2,105,98,화면에나옴,스타 커맨드,재판독,22:27
FIESTA~FIESTA 2,105,99,화면에나옴,왓 해픈드,재판독,22:28
FIESTA~FIESTA 2,105,100,화면에나옴,가고일,재판독,22:30
FIESTA~FIESTA 2,105,101,화면에나옴,알레그로 콘 뿌오코,재판독,22:34
FIESTA~FIESTA 2,105,102,화면에나옴,엑스 레이브,재판독,22:34
FIESTA~FIESTA 2,105,103,화면에나옴,스멜스 라이크 어 초콜릿,재판독,22:35
FIESTA~FIESTA 2,105,104,화면에나옴,네크로맨시,재판독,18:09
FIESTA~FIESTA 2,105,105,화면에나옴,엑스 레이브 - SHORT CUT -,재판독,18:09
PRIME,76,1,화면에나옴,네메시스,재판독,30:51
PRIME,76,2,화면에나옴,캇코이,재판독,30:52
PRIME,76,3,화면에나옴,라티노 바이러스,재판독,30:53
PRIME,76,4,시각확정,엘리시움,재판독,30:52
PRIME,76,5,화면에나옴,요그 소토스,재판독,30:53
PRIME,76,6,화면에나옴,실루엣 이펙트,재판독,30:54
PRIME,76,7,시각확정,차이니즈 레스토랑,재판독,30:54
PRIME,76,8,화면에나옴,아발란치,재판독,30:55
PRIME,76,9,화면에나옴,포스 오브 라,재판독,30:55
PRIME,76,10,시각확정,레퀴엠,재판독,30:56
PRIME,76,11,화면에나옴,유 갓 미 크레이지,재판독,30:57
PRIME,76,12,화면에나옴,B2,재판독,30:57
PRIME,76,13,시각확정,메테오라이즈,재판독,30:58
PRIME,76,14,화면에나옴,매드 사이언스,재판독,30:59
PRIME,76,15,화면에나옴,헤스티아,재판독,30:59
PRIME,76,16,시각확정,암피트리온,재판독,31:00
PRIME,76,17,화면에나옴,리키지 볼티지,재판독,31:00
PRIME,76,18,시각확정,리무버블 디스코,재판독,31:01
PRIME,76,19,화면에나옴,슈퍼 판타지,재판독,31:02
PRIME,76,20,화면에나옴,바이올렛 퍼퓸,재판독,31:02
PRIME,76,21,시각확정,레드 스완,재판독,31:03
PRIME,76,22,화면에나옴,히아신스,재판독,31:04
PRIME,76,23,시각확정,블레이즈 이모션 (Band version),재판독,31:04
PRIME,76,24,화면에나옴,1950,재판독,31:05
PRIME,76,25,화면에나옴,설탕음모론,재판독,31:05
PRIME,76,26,화면에나옴,알레그로 피유 모쏘,재판독,31:06
PRIME,76,27,화면에나옴,어나이얼레이터 메소드,재판독,31:07
PRIME,76,28,시각확정,무브 댓 바디!,재판독,31:07
PRIME,76,29,화면에나옴,스콜피온 킹,재판독,31:08
PRIME,76,30,화면에나옴,포인트 제로 원,재판독,31:08
PRIME,76,31,화면에나옴,레드 스노우,재판독,31:09
PRIME,76,32,화면에나옴,캄파넬라,재판독,31:09
PRIME,76,33,시각확정,유 어게인 마이 러브,재판독,31:10
PRIME,76,34,화면에나옴,로봇 배틀,재판독,31:11
PRIME,76,35,화면에나옴,레미니센스,재판독,31:11
PRIME,76,36,화면에나옴,모멘트 데이,재판독,31:12
PRIME,76,37,화면에나옴,브레이크 잇 다운,재판독,31:12
PRIME,76,38,시각확정,하이퍼큐브,재판독,31:13
PRIME,76,39,화면에나옴,라이크 미,재판독,31:14
PRIME,76,40,화면에나옴,베토벤 인플루엔자,재판독,36:09
PRIME,76,41,화면에나옴,아발란퀴엠,재판독,36:08
PRIME,76,42,화면에나옴,패러독스,재판독,36:08
PRIME,76,43,화면에나옴,무브 댓 바디! - FULL SONG -,재판독,36:07
PRIME,76,44,화면에나옴,슈퍼 판타지 - SHORT CUT -,재판독,31:14
PRIME,76,45,화면에나옴,요그 소토스 - SHORT CUT -,재판독,31:15
PRIME,76,46,화면에나옴,실루엣 이펙트 - SHORT CUT -,재판독,31:15
PRIME,76,47,화면에나옴,무브 댓 바디! - SHORT CUT -,재판독,31:16
PRIME,76,48,화면에나옴,프라임 오프닝 - SHORT CUT -,재판독,31:16
PRIME,76,49,화면에나옴,락 더 하우스,재판독,31:17
PRIME,76,50,화면에나옴,더 레볼루션,재판독,31:18
PRIME,76,51,화면에나옴,셀피쉬니스,재판독,31:18
PRIME,76,52,화면에나옴,코스미컬 리듬,재판독,31:19
PRIME,76,53,화면에나옴,돌리 키스,재판독,31:19
PRIME,76,54,화면에나옴,마타도르,재판독,31:20
PRIME,76,55,화면에나옴,밀키 웨이 갤럭시,재판독,31:20
PRIME,76,56,화면에나옴,필 마이 해피니스,재판독,31:21
PRIME,76,57,화면에나옴,라그나로크,재판독,31:22
PRIME,76,58,화면에나옴,아클루오이아스,재판독,31:22
PRIME,76,59,화면에나옴,까랴위사따,재판독,31:23
PRIME,76,60,화면에나옴,비디오 아웃 씨,재판독,31:23
PRIME,76,61,화면에나옴,스타더스트 오버드라이브,재판독,31:24
PRIME,76,62,화면에나옴,아마이 유우와쿠 데인저러스,재판독,31:24
PRIME,76,63,화면에나옴,요로피쿠 피쿠요로!,재판독,31:25
PRIME,76,64,화면에나옴,임프린팅,재판독,31:25
PRIME,76,65,화면에나옴,서든 로맨스 [PIU Edit],재판독,31:26
PRIME,76,66,화면에나옴,미토츠다이라,재판독,31:27
PRIME,76,67,화면에나옴,스마일 다이어리,재판독,31:27
PRIME,76,68,화면에나옴,배드 애플!! feat. Nomico,재판독,31:28
PRIME,76,69,화면에나옴,프라임,재판독,31:28
PRIME,76,70,화면에나옴,퀸 오브 더 레드,재판독,31:29
PRIME,76,71,화면에나옴,아이디얼라이즈드 로맨스,재판독,31:30
PRIME,76,72,화면에나옴,저스트 홀드 온 (To All Fighters),재판독,31:30
PRIME,76,73,화면에나옴,배드 애플!! feat. Nomico - FULL SONG -,재판독,35:45
PRIME,76,74,화면에나옴,셀피쉬니스 - SHORT CUT -,재판독,31:31
PRIME,76,75,화면에나옴,락 더 하우스 - SHORT CUT -,재판독,31:31
PRIME,76,76,화면에나옴,스타더스트 오버드라이브 - SHORT CUT -,재판독,31:32
PRIME 2,73,1,화면에나옴,체이스 미,재판독,39:54
PRIME 2,73,2,시각확정,굿 나이트,재판독,39:53
PRIME 2,73,3,화면에나옴,체이스 미 - FULL SONG -,재판독,39:53
PRIME 2,73,4,화면에나옴,라스트 리버스,재판독,39:54
PRIME 2,73,5,화면에나옴,슈퍼 카프리시오,재판독,39:55
PRIME 2,73,6,시각확정,헬파이어,재판독,39:56
PRIME 2,73,7,화면에나옴,트리튬,재판독,39:56
PRIME 2,73,8,화면에나옴,크로스 오버 feat. LyuU,재판독,39:57
PRIME 2,73,9,화면에나옴,갓 모드 feat. skizzo,재판독,39:58
PRIME 2,73,10,화면에나옴,슈브 니구라스,재판독,39:59
PRIME 2,73,11,화면에나옴,퍼더,재판독,40:00
PRIME 2,73,12,화면에나옴,다람쥐 헌 쳇바퀴에 타고파,재판독,40:01
PRIME 2,73,13,시각확정,실버 비트 feat. ChisaUezono,재판독,40:02
PRIME 2,73,14,화면에나옴,브링 백 더 비트,재판독,40:02
PRIME 2,73,15,화면에나옴,브레이크 아웃,재판독,40:03
PRIME 2,73,16,화면에나옴,사라반드,재판독,40:04
PRIME 2,73,17,화면에나옴,가장신자,재판독,40:05
PRIME 2,73,18,시각확정,오버블로우2,재판독,40:06
PRIME 2,73,19,시각확정,패싱 라이더,재판독,40:07
PRIME 2,73,20,화면에나옴,아르카나 포스,재판독,40:07
PRIME 2,73,21,화면에나옴,알레그로 퓨리오소,재판독,40:08
PRIME 2,73,22,시각확정,앵귀시드 언메이킹,재판독,40:09
PRIME 2,73,23,시각확정,우츠시요 노 카제 feat. Kana,재판독,40:10
PRIME 2,73,24,화면에나옴,헤이 유,재판독,40:10
PRIME 2,73,25,화면에나옴,트위스트 오브 페이트 (feat. Ruriling),재판독,40:11
PRIME 2,73,26,화면에나옴,HTTP,재판독,40:12
PRIME 2,73,27,시각확정,업 앤 업 (Produced by AWAL),재판독,40:13
PRIME 2,73,28,시각확정,트래블 투 퓨처,재판독,40:14
PRIME 2,73,29,화면에나옴,레이브 언틸 디 어스 엔드,재판독,40:14
PRIME 2,73,30,화면에나옴,어웨이크닝,재판독,40:15
PRIME 2,73,31,화면에나옴,이스케이프,재판독,40:16
PRIME 2,73,32,화면에나옴,왈츠 오브 도지,재판독,40:17
PRIME 2,73,33,화면에나옴,하트 어택,재판독,40:18
PRIME 2,73,34,시각확정,불카누스,재판독,40:19
PRIME 2,73,35,화면에나옴,슈브 소토스,재판독,40:20
PRIME 2,73,36,화면에나옴,리더,재판독,40:20
PRIME 2,73,37,화면에나옴,사라반드 - SHORT CUT -,재판독,40:22
PRIME 2,73,38,화면에나옴,프라임2 오프닝 - SHORT CUT -,재판독,40:22
PRIME 2,73,39,시각확정,슈브 니구라스 - SHORT CUT -,재판독,40:23
PRIME 2,73,40,화면에나옴,가장신자 - SHORT CUT -,재판독,40:23
PRIME 2,73,41,화면에나옴,스텝,재판독,40:24
PRIME 2,73,42,화면에나옴,꺼림칙한,재판독,40:25
PRIME 2,73,43,시각확정,허쉬,재판독,40:26
PRIME 2,73,44,화면에나옴,폴른 엔젤,재판독,40:26
PRIME 2,73,45,화면에나옴,가고일 - FULL SONG -,재판독,40:27
PRIME 2,73,46,화면에나옴,허쉬 - FULL SONG -,재판독,40:28
PRIME 2,73,47,시각확정,V3,재판독,40:29
PRIME 2,73,48,화면에나옴,크로스 타임,재판독,40:29
PRIME 2,73,49,화면에나옴,유령의 축제 2 (Sneak),재판독,40:30
PRIME 2,73,50,시각확정,헬릭스,재판독,40:31
PRIME 2,73,51,시각확정,히페리온,재판독,40:32
PRIME 2,73,52,화면에나옴,블랙 드래곤,재판독,40:32
PRIME 2,73,53,화면에나옴,BS파워 익스플로전,재판독,40:33
PRIME 2,73,54,시각확정,스타트 온 레드,재판독,40:34
PRIME 2,73,55,시각확정,타임 어택 <블루>,재판독,40:35
PRIME 2,73,56,화면에나옴,매지컬 베케이션,재판독,40:35
PRIME 2,73,57,화면에나옴,비주얼 드림 2 (인 픽션),재판독,40:36
PRIME 2,73,58,시각확정,사월,재판독,40:37
PRIME 2,73,59,화면에나옴,슈퍼 스타일린,재판독,40:37
PRIME 2,73,60,화면에나옴,크리스마스의 기억,재판독,40:38
PRIME 2,73,61,화면에나옴,킵 온!,재판독,40:39
PRIME 2,73,62,화면에나옴,아스테리오스 -리엔트리-,재판독,40:40
PRIME 2,73,63,화면에나옴,라 그랑 블루,재판독,40:40
PRIME 2,73,64,화면에나옴,인피니티,재판독,40:41
PRIME 2,73,65,시각확정,고딕 레조넌스,재판독,40:42
PRIME 2,73,66,화면에나옴,베들램,재판독,40:43
PRIME 2,73,67,화면에나옴,어 사이트 데 라 루,재판독,40:43
PRIME 2,73,68,화면에나옴,클루,재판독,40:44
PRIME 2,73,69,시각확정,레드라인,재판독,40:45
PRIME 2,73,70,화면에나옴,킬 뎀!,재판독,40:45
PRIME 2,73,71,화면에나옴,도나텔로,재판독,40:46
PRIME 2,73,72,시각확정,사월 - SHORT CUT -,재판독,40:47
PRIME 2,73,73,화면에나옴,히페리온 - SHORT CUT -,재판독,40:47
XX,109,1,화면에나옴,조깅,재판독,49:03
XX,109,2,화면에나옴,풀 문,재판독,49:03.8
XX,109,3,화면에나옴,타이밍,재판독,49:03.8
XX,109,4,화면에나옴,날아올라,재판독,49:04
XX,109,5,크기만,유 앤 아이,재판독,49:04
XX,109,6,판독기록,굿 나이트 - FULL SONG -,재판독,45:06
XX,109,7,판독기록,풀 문 - FULL SONG -,재판독,45:07
XX,109,8,크기만,웨딩 크래셔,재판독,49:04.2
XX,109,9,크기만,스위트로닉,재판독,49:04.2
XX,109,10,화면에나옴,오블리터레이션,재판독,49:04.8
XX,109,11,화면에나옴,트란사칼리아,재판독,49:04.8
XX,109,12,화면에나옴,1949,재판독,49:04.8
XX,109,13,화면에나옴,야누스,재판독,49:05
XX,109,14,화면에나옴,아이 원트 유,재판독,49:05.2
XX,109,15,판독기록,디스트릭트 1,재판독,49:05
XX,109,16,판독기록,슈가 플럼,재판독,49:05.2
XX,109,17,판독기록,텔링 포츈 플라워,재판독,49:05.5
XX,109,18,판독기록,니알라토텝,재판독,49:05.2
XX,109,19,판독기록,하트 래빗 코스터,재판독,49:05.5
XX,109,20,크기만,립톤 스트라이크,재판독,49:06.2
XX,109,21,화면에나옴,스켑틱,재판독,49:06.5
XX,109,22,화면에나옴,아이올라이트 스카이,재판독,49:06.8
XX,109,23,화면에나옴,퍼센트 엑스,재판독,49:07
XX,109,24,화면에나옴,금혼식,재판독,49:07.2
XX,109,25,화면에나옴,라 그랑드 루즈,재판독,49:07.2
XX,109,26,크기만,까르멘 버스,재판독,49:07
XX,109,27,크기만,마카롱 데이,재판독,49:07.5
XX,109,28,크기만,아이스 오브 데스,재판독,49:07.5
XX,109,29,화면에나옴,포세이돈,재판독,49:07.8
XX,109,30,화면에나옴,아드레날린 블래스터,재판독,49:08
XX,109,31,화면에나옴,배니쉬,재판독,49:07.8
XX,109,32,화면에나옴,테일즈 오브 펌프니아,재판독,49:07.8
XX,109,33,화면에나옴,김치 핑거즈,재판독,49:08
XX,109,34,크기만,오르비트 스테빌라이저,재판독,49:08.5
XX,109,35,크기만,파괴,재판독,49:08.5
XX,109,36,화면에나옴,클레마티스 랩소디아,재판독,49:09.2
XX,109,37,화면에나옴,위키드 레전드,재판독,49:09.5
XX,109,38,화면에나옴,탄탄멘,재판독,49:10.2
XX,109,39,화면에나옴,스타드림 (feat. Romelon),재판독,49:10.2
XX,109,40,화면에나옴,캉-캉 ~Orpheus in The Party Mix~,재판독,49:11
XX,109,41,화면에나옴,파파시토 (feat. KuTiNA),재판독,49:12
XX,109,42,시각확정,파이어 오브 데스티니,재판독,49:11
XX,109,43,시각확정,디 엔드 오브 더 월드 ft. Skizzo,재판독,49:12
XX,109,44,시각확정,포가튼 뱀파이어,재판독,49:13
XX,109,45,화면에나옴,아마겟돈,재판독,49:14
XX,109,46,화면에나옴,리펜턴스,재판독,49:15
XX,109,47,화면에나옴,더 레버리,재판독,49:16
XX,109,48,화면에나옴,시그너스,재판독,49:17
XX,109,49,화면에나옴,트로피카닉,재판독,49:18
XX,109,50,화면에나옴,패러독스 - SHORT CUT -,재판독,49:19
XX,109,51,화면에나옴,하늘다람쥐,재판독,49:19
XX,109,52,화면에나옴,파파시토 (feat. KuTiNA) - FULL SONG -,재판독,디시 펌프갤 제보 2026-08-05
XX,109,53,시각확정,데사파레세르,재판독,49:20
XX,109,54,화면에나옴,에러코드: 0,재판독,49:21
XX,109,55,화면에나옴,메테오 사이언스 (GADGET mix),재판독,49:22
XX,109,56,시각확정,파이어 누들 챌린지,재판독,49:22
XX,109,57,시각확정,니알라토텝 - SHORT CUT -,재판독,49:23
XX,109,58,화면에나옴,웨딩 크래셔 - SHORT CUT -,재판독,49:24
XX,109,59,화면에나옴,캉-캉 ~Orpheus in The Party Mix~ - SHORT CUT -,재판독,49:25
XX,109,60,화면에나옴,XX 오프닝 - SHORT CUT -,재판독,49:25
XX,109,61,시각확정,아이 원트 유 - SHORT CUT -,재판독,49:26
XX,109,62,화면에나옴,포세이돈 - SHORT CUT -,재판독,49:27
XX,109,63,화면에나옴,스위트로닉 - SHORT CUT -,재판독,49:28
XX,109,64,화면에나옴,갓 모드 2.0 feat. Skizzo,재판독,49:29
XX,109,65,시각확정,슬랩스틱 파르페,재판독,49:29
XX,109,66,화면에나옴,페이브 가든,재판독,49:30
XX,109,67,화면에나옴,팝 시퀀스,재판독,49:31
XX,109,68,화면에나옴,크로싱 델타,재판독,49:32
XX,109,69,화면에나옴,클럽 나이트,재판독,49:32
XX,109,70,화면에나옴,인디스트럭터블,재판독,49:33
XX,109,71,화면에나옴,8 6,재판독,49:34
XX,109,72,화면에나옴,크로스 소울,재판독,49:35
XX,109,73,시각확정,브로큰 카르마 (PIU EDIT),재판독,49:35
XX,109,74,화면에나옴,천년이 지나서,재판독,49:36
XX,109,75,화면에나옴,라라,재판독,49:37
XX,109,76,화면에나옴,프렌드,재판독,49:38
XX,109,77,화면에나옴,컨플릭트,재판독,49:38
XX,109,78,화면에나옴,데인저 & 데인저,재판독,49:39
XX,109,79,화면에나옴,니힐리즘 - 어나더 버전 -,재판독,49:40
XX,109,80,화면에나옴,"팔랑크스 ""RS2018 edit""",재판독,49:41
XX,109,81,화면에나옴,포인트 제로 2,재판독,49:41
XX,109,82,화면에나옴,브레인 파워,재판독,49:42
XX,109,83,화면에나옴,라이프 이즈 피아노,재판독,49:43
XX,109,84,화면에나옴,글로리아,재판독,49:43
XX,109,85,화면에나옴,모페모페,재판독,49:44
XX,109,86,화면에나옴,Re : 엔드 오브 어 드림,재판독,49:45
XX,109,87,시각확정,크로스 레이 (feat. 月下Lia),재판독,49:46
XX,109,88,화면에나옴,알레그로 콘 뿌오코 - FULL SONG -,재판독,디시 펌프갤 제보 2026-08-05
XX,109,89,화면에나옴,프라임 타임,재판독,49:46
XX,109,90,화면에나옴,8 6 - FULL SONG -,재판독,디시 펌프갤 제보 2026-08-05
XX,109,91,화면에나옴,바로크 바이러스 - FULL SONG -,재판독,디시 펌프갤 제보 2026-08-05
XX,109,92,화면에나옴,얼티메이텀,재판독,49:47
XX,109,93,화면에나옴,시간의 회랑 라비린스,재판독,49:48
XX,109,94,화면에나옴,이미지네이션,재판독,49:48
XX,109,95,화면에나옴,블랙스완,재판독,49:49
XX,109,96,화면에나옴,오벨리스크,재판독,53:10
XX,109,97,화면에나옴,레이지 오브 파이어,재판독,53:09
XX,109,98,화면에나옴,듀얼 레이싱 <레드 vs 블루>,재판독,53:08
XX,109,99,화면에나옴,싸이클링!,재판독,53:07
XX,109,100,화면에나옴,우라늄,재판독,53:06
XX,109,101,화면에나옴,제로아이즈,재판독,53:05
XX,109,102,화면에나옴,라이징 스타,재판독,53:04
XX,109,103,화면에나옴,일 더하기 일은 귀요미,재판독,53:03
XX,109,104,판독기록,헤드리스 치킨,재판독,53:02
XX,109,105,판독기록,오버 더 호라이즌,재판독,53:01
XX,109,106,판독기록,로키,재판독,53:01
XX,109,107,판독기록,디멘트 ~에프터 레전드~,재판독,53:00
XX,109,108,크기만,하우스플랜,재판독,49:02
XX,109,109,크기만,유어 마인드,재판독,49:02
PHOENIX,132,1,화면에나옴,스톰,재판독,53:17
PHOENIX,132,2,화면에나옴,비행기,재판독,53:18
PHOENIX,132,3,화면에나옴,노스텔지어,재판독,53:18
PHOENIX,132,4,화면에나옴,사월의 축제,재판독,53:17
PHOENIX,132,5,화면에나옴,ESP,재판독,53:18
PHOENIX,132,6,화면에나옴,하이웨이 체이서,재판독,53:19
PHOENIX,132,7,화면에나옴,이터널 유니버스,재판독,53:20
PHOENIX,132,8,화면에나옴,번 아웃,재판독,53:21
PHOENIX,132,9,화면에나옴,4NT,재판독,53:22
PHOENIX,132,10,화면에나옴,얼티밋 아이즈,재판독,53:23
PHOENIX,132,11,화면에나옴,냥-턴 (feat. KuTiNA),재판독,53:24
PHOENIX,132,12,화면에나옴,벡터,재판독,53:25
PHOENIX,132,13,화면에나옴,베르사이유,재판독,53:26
PHOENIX,132,14,화면에나옴,더 아포칼립스,재판독,53:27
PHOENIX,132,15,화면에나옴,쇼다운,재판독,53:28
PHOENIX,132,16,화면에나옴,붐!!,재판독,53:29
PHOENIX,132,17,화면에나옴,유포리아닉,재판독,53:30
PHOENIX,132,18,화면에나옴,할로윈 파티 ~Multiverse~,재판독,53:31
PHOENIX,132,19,화면에나옴,쥬핀,재판독,53:32
PHOENIX,132,20,화면에나옴,그로스,재판독,53:33
PHOENIX,132,21,화면에나옴,꼭두각시,재판독,53:34
PHOENIX,132,22,화면에나옴,플레이버 스텝!,재판독,53:35
PHOENIX,132,23,화면에나옴,데드 엔드,재판독,53:36
PHOENIX,132,24,화면에나옴,루시드 드림,재판독,53:37
PHOENIX,132,25,화면에나옴,시,재판독,53:37
PHOENIX,132,26,화면에나옴,추격,재판독,53:38
PHOENIX,132,27,화면에나옴,스타드림 -Eurobeat Remix-,재판독,53:39
PHOENIX,132,28,화면에나옴,1948,재판독,53:40
PHOENIX,132,29,화면에나옴,결투,재판독,53:41
PHOENIX,132,30,화면에나옴,배니쉬 2 - Roar of the invisible dragon,재판독,53:42
PHOENIX,132,31,화면에나옴,라크리모사,재판독,53:43
PHOENIX,132,32,화면에나옴,솔페지에토,재판독,53:44
PHOENIX,132,33,화면에나옴,머독,재판독,53:45
PHOENIX,132,34,화면에나옴,리틀 먼치킨,재판독,53:45
PHOENIX,132,35,화면에나옴,"사이먼 세이즈, 유로댄스!! (feat. Sara☆M)",재판독,53:46
PHOENIX,132,36,화면에나옴,바버스 매드니스,재판독,53:47
PHOENIX,132,37,화면에나옴,요! 세이!! 페어리!!!,재판독,53:48
PHOENIX,132,38,화면에나옴,피가로의 결혼 ~Celebrazione Remix~,재판독,53:49
PHOENIX,132,39,화면에나옴,데몬 오브 라플라스,재판독,53:50
PHOENIX,132,40,화면에나옴,블루이쉬 로즈,재판독,53:51
PHOENIX,132,41,화면에나옴,록시아,재판독,53:52
PHOENIX,132,42,화면에나옴,프ㄹi마 마테ㄹi아,재판독,53:53
PHOENIX,132,43,화면에나옴,임페리움,재판독,53:54
PHOENIX,132,44,화면에나옴,네오 카타르시스,재판독,53:55
PHOENIX,132,45,화면에나옴,열정,재판독,53:56
PHOENIX,132,46,화면에나옴,초악마황제,재판독,53:57
PHOENIX,132,47,화면에나옴,큐리아서티 오버드라이브,재판독,53:58
PHOENIX,132,48,화면에나옴,소닉 붐,재판독,53:59
PHOENIX,132,49,화면에나옴,메가하츠,재판독,53:59
PHOENIX,132,50,화면에나옴,다크사이드 오브 더 마인드,재판독,54:00
PHOENIX,132,51,화면에나옴,E.O.N,재판독,54:02
PHOENIX,132,52,화면에나옴,카오스 어게인,재판독,54:02
PHOENIX,132,53,화면에나옴,솔브 마이 허트,재판독,59:18
PHOENIX,132,54,화면에나옴,글리머 글림,재판독,59:17
PHOENIX,132,55,시각확정,서든 어페어런스 이미지,재판독,59:17
PHOENIX,132,56,시각확정,데카 댄스,재판독,59:16
PHOENIX,132,57,화면에나옴,뉴 로즈,재판독,59:15
PHOENIX,132,58,화면에나옴,헤라클레스,재판독,59:15
PHOENIX,132,59,시각확정,인베이젼,재판독,59:14
PHOENIX,132,60,화면에나옴,에렌델,재판독,59:13
PHOENIX,132,61,화면에나옴,힘 오브 골든 글로리,재판독,59:12
PHOENIX,132,62,시각확정,아테나의 방패,재판독,59:12
PHOENIX,132,63,화면에나옴,머독 vs 오타다,재판독,59:11
PHOENIX,132,64,화면에나옴,위더 가든,재판독,59:10
PHOENIX,132,65,시각확정,이매저너라이즈드 시티,재판독,59:10
PHOENIX,132,66,시각확정,크림슨 후드,재판독,59:09
PHOENIX,132,67,화면에나옴,도플갱어,재판독,59:08
PHOENIX,132,68,시각확정,디스트릭트 V,재판독,59:08
PHOENIX,132,69,시각확정,유포리아닉 - SHORT CUT -,재판독,59:07
PHOENIX,132,70,시각확정,피닉스 오프닝 - SHORT CUT -,재판독,59:06
PHOENIX,132,71,화면에나옴,쥬핀 - SHORT CUT -,재판독,59:06
PHOENIX,132,72,시각확정,그로스 - SHORT CUT -,재판독,59:05
PHOENIX,132,73,화면에나옴,네오 카타르시스 - SHORT CUT -,재판독,59:04
PHOENIX,132,74,화면에나옴,힘 오브 골든 글로리 - SHORT CUT -,재판독,59:03
PHOENIX,132,75,시각확정,할로윈 파티 ~Multiverse~ - SHORT CUT -,재판독,59:03
PHOENIX,132,76,화면에나옴,스타드림 -Eurobeat Remix- - SHORT CUT -,재판독,59:02
PHOENIX,132,77,화면에나옴,프ㄹi마 마테ㄹi아 - SHORT CUT -,재판독,59:02
PHOENIX,132,78,화면에나옴,결투 - SHORT CUT -,재판독,59:02
PHOENIX,132,79,화면에나옴,머독 vs 오타다 - SHORT CUT -,재판독,59:00
PHOENIX,132,80,화면에나옴,솔브 마이 허트 - SHORT CUT -,재판독,58:59
PHOENIX,132,81,시각확정,바이너리 스타,재판독,58:59
PHOENIX,132,82,시각확정,어바웃 더 유니버스,재판독,58:58
PHOENIX,132,83,화면에나옴,퍼페츄얼,재판독,58:57
PHOENIX,132,84,화면에나옴,댄싱,재판독,58:57
PHOENIX,132,85,시각확정,갤럭시 컬랩스,재판독,58:56
PHOENIX,132,86,화면에나옴,프렉쳐 텀퍼렐르,재판독,58:55
PHOENIX,132,87,화면에나옴,카타스트로피,재판독,58:55
PHOENIX,132,88,시각확정,휴먼 익스팅션 (PIU Edit.),재판독,58:54
PHOENIX,132,89,화면에나옴,댓 키티 (PIU Edit.),재판독,58:53
PHOENIX,132,90,화면에나옴,언더월드 ft. Skizzo (PIU Edit.),재판독,58:53
PHOENIX,132,91,시각확정,네이드 네이드,재판독,58:52
PHOENIX,132,92,화면에나옴,굿텍,재판독,58:51
PHOENIX,132,93,화면에나옴,코스믹 레일로드,재판독,58:50
PHOENIX,132,94,시각확정,에너지 시너지 매트릭스,재판독,58:50
PHOENIX,132,95,시각확정,밀크,재판독,58:49
PHOENIX,132,96,화면에나옴,어콰이어,재판독,58:48
PHOENIX,132,97,화면에나옴,진폐증 ft. Kagamine Len/GUMI,재판독,58:48
PHOENIX,132,98,시각확정,알테일,재판독,58:47
PHOENIX,132,99,화면에나옴,이렐리아,재판독,58:46
PHOENIX,132,100,화면에나옴,굿바운스,재판독,58:46
PHOENIX,132,101,시각확정,앨리스 인 미산트로프,재판독,58:45
PHOENIX,132,102,화면에나옴,R.I.P.,재판독,58:44
PHOENIX,132,103,화면에나옴,에모모모,재판독,58:43
PHOENIX,132,104,시각확정,푸파,재판독,58:43
PHOENIX,132,105,화면에나옴,스테이저,재판독,58:42
PHOENIX,132,106,화면에나옴,러쉬-모어,재판독,58:41
PHOENIX,132,107,시각확정,러쉬-아워,재판독,58:41
PHOENIX,132,108,시각확정,* 이 게임은 존재하지 않습니다 *,재판독,58:40
PHOENIX,132,109,화면에나옴,마히카,재판독,58:39
PHOENIX,132,110,화면에나옴,지젤,재판독,58:39
PHOENIX,132,111,시각확정,스푸키 마카롱,재판독,58:38
PHOENIX,132,112,화면에나옴,아라가미,재판독,58:39
PHOENIX,132,113,화면에나옴,할시온,재판독,58:36
PHOENIX,132,114,화면에나옴,디스트로0ㅣ어,재판독,58:35
PHOENIX,132,115,시각확정,빅 대디,재판독,58:35
PHOENIX,132,116,화면에나옴,플래시 아웃,재판독,58:36
PHOENIX,132,117,화면에나옴,오딘,재판독,58:33
PHOENIX,132,118,화면에나옴,비코즈 오브 유,재판독,58:32
PHOENIX,132,119,시각확정,†도프†센시†,재판독,58:32
PHOENIX,132,120,화면에나옴,팝핀 샤워,재판독,58:33
PHOENIX,132,121,화면에나옴,브레이크 스루 마이셀프 feat. Risa Yuzuki,재판독,58:30
PHOENIX,132,122,화면에나옴,비옐라의 악몽,재판독,58:29
PHOENIX,132,123,시각확정,쵸빗 플레이버,재판독,58:29
PHOENIX,132,124,화면에나옴,얼라이브,재판독,58:30
PHOENIX,132,125,화면에나옴,트릭크래쉬 220,재판독,58:27
PHOENIX,132,126,화면에나옴,익스트림 음악학원 1교시  feat. Nanahira,재판독,58:26
PHOENIX,132,127,화면에나옴,익스트림 음악학원 2교시  feat. Nanahira,재판독,58:25
PHOENIX,132,128,화면에나옴,배틀 넘버원,재판독,58:24
PHOENIX,132,129,시각확정,솔저스 (TANO*C W TEAM RED ANTHEM),재판독,58:24
PHOENIX,132,130,화면에나옴,호랑풍류가,재판독,58:25
PHOENIX,132,131,화면에나옴,헬리오스피어,재판독,58:22
PHOENIX,132,132,화면에나옴,스위트 원더랜드,재판독,58:22
PHOENIX 2,19,1,화면에나옴,고민중독,재판독,62:37
PHOENIX 2,19,2,화면에나옴,빌려온 고양이,재판독,62:36
PHOENIX 2,19,3,화면에나옴,뱅 뱅,재판독,62:36
PHOENIX 2,19,4,화면에나옴,404 (뉴 에라),재판독,62:37
PHOENIX 2,19,5,시각확정,엔조이 더 쇼,재판독,62:39
PHOENIX 2,19,6,시각확정,응징 레스토랑,재판독,62:40
PHOENIX 2,19,7,시각확정,블레이저,재판독,62:41
PHOENIX 2,19,8,시각확정,B3,재판독,62:42
PHOENIX 2,19,9,시각확정,디기탈리스,재판독,62:43
PHOENIX 2,19,10,화면에나옴,더 라스트 리벨리온,재판독,62:44
PHOENIX 2,19,11,화면에나옴,오버나이트 플라워,재판독,62:45
PHOENIX 2,19,12,화면에나옴,레전더리 도미니언,재판독,62:46
PHOENIX 2,19,13,화면에나옴,크래쉬 랜딩 랑데부,재판독,62:49
PHOENIX 2,19,14,화면에나옴,콰투오룩스,재판독,62:49
PHOENIX 2,19,15,화면에나옴,나이트시어터,재판독,62:50
PHOENIX 2,19,16,화면에나옴,인피니트 에너지 -Overdoze-,재판독,62:51
PHOENIX 2,19,17,화면에나옴,프리덤 다이브,재판독,62:52
PHOENIX 2,19,18,화면에나옴,드림체이서즈,재판독,62:53
PHOENIX 2,19,19,화면에나옴,슈퍼☆하라구로☆팝,재판독,62:55
