표적,초,번호,채널크기,종류,알
nolja_0803,90,3,19,난이도존,01
nolja_0803,92,4,19,난이도존,01
nolja_0803,94,5,19,난이도존,01
nolja_0803,96,6,19,난이도존,01
nolja_0803,98,7,19,난이도존,01
nolja_0803,100,8,19,난이도존,01
nolja_0803,109,14,19,난이도존,01
nolja_0803,117,1,30,난이도존,02
nolja_0803,124,9,30,난이도존,02
nolja_0803,128,13,30,난이도존,02
nolja_0803,132,19,30,난이도존,02
nolja_0803,134,20,30,난이도존,02
nolja_0803,328,53,107,난이도존,11
nolja_0803,333,53,107,난이도존,11
nolja_0803,338,53,107,난이도존,11
nolja_0803,343,53,107,난이도존,11
nolja_0803,348,53,107,난이도존,11
nolja_0803,353,6,111,난이도존,12
nolja_0803,360,31,111,난이도존,12
nolja_0803,361,34,111,난이도존,12
nolja_0803,383,88,111,난이도존,12
nolja_0803,585,110,111,난이도존,12
nolja_0803,908,74,79,난이도존,13
nolja_0803,913,52,79,난이도존,13
nolja_0803,1130,62,105,난이도존,14
nolja_0803,1159,45,79,난이도존,14
nolja_0803,1586,64,65,난이도존,14
nolja_0803,1591,51,65,난이도존,14
nolja_0803,1597,26,65,난이도존,14
nolja_0803,1833,56,65,난이도존,14
nolja_0803,1835,63,65,난이도존,14
nolja_0803,1901,1,65,곡선택아님,
nolja_0803,2113,2,121,난이도존,15
nolja_0803,2129,74,121,난이도존,15
nolja_0803,2453,1,121,난이도존,15
nolja_0803,2458,80,121,난이도존,15
nolja_0803,2664,76,121,난이도존,15
nolja_0803,2920,119,121,난이도존,15
nolja_0803,2931,62,121,난이도존,15
nolja_0803,3000,8,121,난이도존,15
nolja_0803,3492,2,176,난이도존,16
nolja_0803,3782,107,107,난이도존,11
nolja_0803,3785,103,107,난이도존,11
nolja_0803,3794,93,107,난이도존,11
nolja_0803,3796,91,107,난이도존,11
nolja_0803,3801,85,107,난이도존,11
nolja_0803,3805,80,107,난이도존,11
nolja_0803,3811,73,107,난이도존,11
nolja_0803,3815,68,107,난이도존,11
nolja_0803,3827,64,107,난이도존,11
nolja_0803,3828,53,107,난이도존,11
nolja_0803,3968,54,107,난이도존,11
nolja_0803,3970,54,107,난이도존,11
nolja_0803,4128,53,107,난이도존,11
nolja_0803,4133,53,107,난이도존,11
nolja_0803,4138,53,107,난이도존,11
nolja_0803,4139,53,107,난이도존,11
nolja_0803,4143,53,107,난이도존,11
nolja_0803,4148,53,107,난이도존,11
nolja_0803,4153,53,107,난이도존,11
nolja_0803,4158,53,107,난이도존,11
nolja_0803,4163,53,107,난이도존,11
nolja_0803,4171,21,176,난이도존,16
nolja_0803,4180,77,176,난이도존,16
nolja_0803,4183,51,175,난이도존,16
nolja_0803,4190,126,176,난이도존,16
nolja_0803,4195,126,176,난이도존,16
nolja_0803,4200,126,176,난이도존,16
nolja_0803,4205,126,176,난이도존,16
nolja_0803,4210,126,176,난이도존,16
nolja_0803,4215,126,176,난이도존,16
nolja_0803,11452,1,177,난이도존,17
nolja_0803,11630,13,177,난이도존,17
nolja_0803,11631,13,177,난이도존,17
nolja_0803,11632,13,177,난이도존,17
nolja_0803,11635,13,177,난이도존,17
nolja_0803,11636,13,177,난이도존,17
nolja_0803,11640,13,177,난이도존,17
nolja_0803,11641,13,177,난이도존,17
nolja_0803,11642,13,177,난이도존,17
nolja_0803,11646,13,177,난이도존,17
nolja_0803,11647,13,177,난이도존,17
nolja_0803,11650,13,177,난이도존,17
nolja_0803,11651,13,177,난이도존,17
nolja_0803,11652,13,177,난이도존,17
nolja_0803,11655,13,177,난이도존,17
nolja_0803,11656,13,177,난이도존,17
nolja_0803,11660,13,177,난이도존,17
nolja_0803,11661,13,177,난이도존,17
nolja_0803,11662,13,177,난이도존,17
nolja_0803,11665,13,177,난이도존,17
nolja_0803,11666,13,177,난이도존,17
nolja_0803,11670,13,177,난이도존,17
nolja_0803,11671,13,177,난이도존,17
nolja_0803,11672,13,177,난이도존,17
nolja_0803,11675,13,177,난이도존,17
nolja_0803,11677,13,177,난이도존,17
nolja_0803,11680,13,177,난이도존,17
nolja_0803,11681,13,177,난이도존,17
nolja_0803,11682,13,177,난이도존,17
nolja_0803,11686,13,177,난이도존,17
nolja_0803,11687,13,177,난이도존,17
nolja_0803,11690,13,177,난이도존,17
nolja_0803,11691,13,177,난이도존,17
nolja_0803,11692,13,177,난이도존,17
nolja_0803,11696,13,177,난이도존,17
nolja_0803,11697,13,177,난이도존,17
nolja_0803,11700,13,177,난이도존,17
nolja_0803,11701,13,177,난이도존,17
nolja_0803,11702,13,177,난이도존,17
nolja_0803,11705,13,177,난이도존,17
nolja_0803,11706,13,177,난이도존,17
nolja_0803,11710,13,177,난이도존,17
nolja_0803,11711,13,177,난이도존,17
nolja_0803,11712,13,177,난이도존,17
nolja_0803,11715,13,177,난이도존,17
nolja_0803,11716,13,177,난이도존,17
nolja_0808,1047,114,120,난이도존,15
nolja_0808,1048,114,120,난이도존,15
nolja_0808,1056,67,120,난이도존,15
nolja_0808,1057,66,120,난이도존,15
nolja_0808,1059,66,120,난이도존,15
nolja_0808,1066,1,120,곡선택아님,
nolja_0808,1072,104,120,난이도존,15
nolja_0808,1073,104,120,난이도존,15
nolja_0808,1079,7,175,난이도존,16
nolja_0808,1085,10,175,난이도존,16
nolja_0808,1086,10,175,난이도존,16
nolja_0808,1094,9,175,난이도존,16
nolja_0808,1096,9,175,난이도존,16
nolja_0808,1099,9,179,난이도존,16
nolja_0808,1103,28,175,시리즈존,
nolja_0808,1113,118,175,난이도존,16
nolja_0808,1627,6,7,난이도존,05
nolja_0808,1629,5,7,난이도존,05
nolja_0808,1631,6,7,난이도존,05
nolja_0808,1633,6,7,난이도존,05
nolja_0808,1640,4,7,난이도존,05
nolja_0808,1649,5,15,난이도존,06
nolja_0808,1655,4,15,난이도존,07
nolja_0808,1660,3,17,난이도존,08
nolja_0808,1661,3,17,난이도존,08
nolja_0808,1663,4,17,난이도존,08
nolja_0808,1670,2,16,난이도존,09
nolja_0808,1674,4,16,난이도존,09
nolja_0808,1866,3,35,난이도존,10
nolja_0808,1868,4,35,난이도존,10
nolja_0808,1870,1,47,곡선택아님,
nolja_0808,1877,2,64,난이도존,13
nolja_0808,1879,4,84,난이도존,13
nolja_0808,1882,1,62,난이도존,14
nolja_0808,1887,2,79,난이도존,15
nolja_0808,1890,4,79,난이도존,15
nolja_0808,2758,12,29,난이도존,26
nolja_0808,2760,12,29,난이도존,26
nolja_0808,2764,9,29,난이도존,26
nolja_0808,2967,14,29,난이도존,26
nolja_0808,3505,1,11,난이도존,25
nolja_0808,3662,10,11,난이도존,25
nolja_0808,3665,10,11,난이도존,25
nolja_0808,4166,118,120,난이도존,20
nolja_0808,4169,118,120,난이도존,20
nolja_0808,4170,118,120,난이도존,20
nolja_0808,4171,118,120,난이도존,20
nolja_0808,4178,112,120,난이도존,20
nolja_0808,4336,1,132,곡선택아님,
nolja_0808,4347,41,132,난이도존,21
nolja_0808,4521,32,51,시리즈존,
nolja_0808,4523,29,51,난이도존,23
nolja_0808,4525,29,51,난이도존,23
nolja_0808,4533,11,51,난이도존,23
nolja_0808,4534,11,51,난이도존,23
nolja_0808,5069,1,145,곡선택아님,
nolja_0808,5071,1,145,난이도존,07
nolja_0808,5074,1,145,난이도존,07
nolja_0808,5076,1,145,난이도존,07
nolja_0808,5080,5,145,난이도존,07
nolja_0808,5082,5,145,난이도존,07
nolja_0808,5100,3,96,난이도존,10
nolja_0808,5108,1,107,곡선택아님,
nolja_0808,5112,5,107,난이도존,11
nolja_0808,5114,5,107,난이도존,11
nolja_0808,5116,1,111,난이도존,12
nolja_0808,5119,111,111,난이도존,12
nolja_0808,5124,67,111,난이도존,12
nolja_0808,5310,111,111,난이도존,12
nolja_0808,5315,101,111,난이도존,12
nolja_0808,5319,3,79,난이도존,13
nolja_0808,5328,61,79,난이도존,13
nolja_0808,5331,60,79,난이도존,13
nolja_0808,5342,78,79,난이도존,13
nolja_0808,5347,62,79,난이도존,13
nolja_0808,5348,61,79,난이도존,13
nolja_0808,5352,61,79,난이도존,13
nolja_0808,5356,62,79,난이도존,13
nolja_0808,5358,61,79,난이도존,13
nolja_0808,5539,1,65,난이도존,14
nolja_0808,5544,4,65,난이도존,14
nolja_0808,5553,11,121,난이도존,15
nolja_0808,5554,10,121,난이도존,15
nolja_0808,5555,10,121,난이도존,15
nolja_0808,5562,29,121,난이도존,15
nolja_0808,5568,59,121,난이도존,15
nolja_0808,5573,66,121,난이도존,15
nolja_0808,5575,86,121,난이도존,15
nolja_0808,5580,71,121,난이도존,15
nolja_0808,5584,65,121,난이도존,15
nolja_0808,5585,65,121,난이도존,15
nolja_0808,5590,68,121,난이도존,15
nolja_0808,5598,105,121,난이도존,15
nolja_0808,5599,105,121,난이도존,15
nolja_0808,5751,2,176,난이도존,16
nolja_0808,5758,11,176,난이도존,16
nolja_0808,5769,166,172,난이도존,16
nolja_0808,5770,119,176,난이도존,16
nolja_0808,5777,130,176,난이도존,16
nolja_0808,5801,162,177,난이도존,17
nolja_0808,6006,11,157,난이도존,18
nolja_0808,6007,12,157,난이도존,18
nolja_0808,6008,12,157,난이도존,18
nolja_0808,6009,12,157,난이도존,18
nolja_0808,6012,12,157,난이도존,18
nolja_0808,6031,100,157,난이도존,18
nolja_0808,6032,100,157,난이도존,18
nolja_0808,6034,101,157,난이도존,18
nolja_0808,6588,10,11,난이도존,25
nolja_0808,7424,11,121,난이도존,15
nolja_0808,7679,2,176,난이도존,16
nolja_0808,7694,29,176,난이도존,16
nolja_0808,7699,32,176,난이도존,16
nolja_0808,7700,33,176,난이도존,16
nolja_0808,9188,110,121,난이도존,15
nolja_0808,9800,148,177,난이도존,17
nolja_0808,10114,1,120,난이도존,20
nolja_0808,10300,106,120,난이도존,20
nolja_0808,10305,100,120,난이도존,20
nolja_0808,10310,93,120,난이도존,20
nolja_0808,10312,91,120,난이도존,20
nolja_0808,10313,91,120,난이도존,20
nolja_0808,10317,91,120,난이도존,20
nolja_0808,10318,91,120,난이도존,20
nolja_0808,10322,91,120,난이도존,20
nolja_0808,10323,91,120,난이도존,20
nolja_0808,10327,91,120,난이도존,20
nolja_0808,10331,87,120,난이도존,20
nolja_0808,10494,88,120,난이도존,20
nolja_0808,10495,86,120,난이도존,20
nolja_0808,10496,88,120,난이도존,20
nolja_0808,10499,86,120,난이도존,20
nolja_0808,10500,86,120,난이도존,20
nolja_0808,10501,88,120,난이도존,20
nolja_0808,10504,88,120,난이도존,20
nolja_0808,10507,63,120,난이도존,20
nolja_0808,10510,76,120,난이도존,20
nolja_0808,10521,1,132,난이도존,21
nolja_0808,11179,131,132,난이도존,21
nolja_0808,11186,116,132,난이도존,21
nolja_0808,11192,104,132,난이도존,21
nolja_0808,11195,88,132,난이도존,21
nolja_0808,11196,96,132,난이도존,21
nolja_0808,11214,80,132,난이도존,21
nolja_0808,11403,18,132,난이도존,21
nolja_0808,11405,18,132,난이도존,21
nolja_0808,11408,18,132,난이도존,21
nolja_0808,11410,18,132,난이도존,21
nolja_0808,11416,1,120,난이도존,20
nolja_0808,11418,116,160,난이도존,20
nolja_0808,11422,111,120,난이도존,20
nolja_0808,11429,88,120,난이도존,20
nolja_0808,11430,96,120,난이도존,20
nolja_0810,232,1,79,곡선택아님,
nolja_0810,235,8,79,난이도존,13
nolja_0810,237,6,79,난이도존,13
nolja_0810,396,6,79,곡선택아님,
nolja_0810,397,6,79,난이도존,13
nolja_0810,402,6,79,난이도존,13
nolja_0810,403,6,79,난이도존,13
nolja_0810,407,6,79,난이도존,13
nolja_0810,412,6,79,난이도존,13
nolja_0810,413,6,79,난이도존,13
nolja_0810,1797,55,65,난이도존,14
nolja_0810,3756,1,120,난이도존,15
nolja_0810,3942,25,146,난이도존,19
nolja_0810,3945,25,149,난이도존,19
nolja_0810,3947,25,146,난이도존,19
nolja_0810,3952,25,149,난이도존,19
nolja_0810,3955,25,149,난이도존,19
nolja_0810,3957,25,146,난이도존,19
nolja_0810,3965,25,146,난이도존,19
nolja_0810,3967,25,146,난이도존,19
nolja_0810,3972,25,146,난이도존,19
nolja_0810,3975,25,149,난이도존,19
nolja_0810,3977,25,149,난이도존,19
nolja_0810,3985,25,149,난이도존,19
nolja_0810,3987,25,146,난이도존,19
nolja_0810,3992,25,149,난이도존,19
nolja_0810,4001,52,65,난이도존,14
nolja_0810,4174,53,65,난이도존,14
nolja_0810,4177,53,65,난이도존,14
nolja_0810,4179,53,65,난이도존,14
nolja_0810,5256,2,157,난이도존,18
nolja_0810,5484,28,157,난이도존,18
nolja_0810,5506,80,176,난이도존,16
nolja_0810,5509,85,176,난이도존,16
nolja_0810,5511,1,121,곡선택아님,
nolja_0810,5512,121,121,난이도존,15
nolja_0810,5990,120,177,난이도존,17
nolja_0810,5991,120,177,난이도존,17
nolja_0810,5992,120,177,난이도존,17
nolja_0810,5995,120,177,난이도존,17
nolja_0810,5996,120,177,난이도존,17
nolja_0810,5997,120,177,난이도존,17
nolja_0810,6000,120,177,난이도존,17
nolja_0810,6001,120,177,난이도존,17
nolja_0810,6002,120,177,난이도존,17
nolja_0810,6005,120,177,난이도존,17
nolja_0810,6006,120,177,난이도존,17
nolja_0810,6007,120,177,난이도존,17
nolja_0810,6010,120,177,난이도존,17
nolja_0810,6011,120,177,난이도존,17
nolja_0810,6012,120,177,난이도존,17
nolja_0810,11382,24,157,난이도존,18
nolja_0810,11383,24,157,난이도존,18
nolja_0810,11387,24,157,난이도존,18
nolja_0810,11388,24,157,난이도존,18
nolja_0810,11392,24,157,난이도존,18
nolja_0810,11393,24,157,난이도존,18
nolja_0810,11397,24,157,난이도존,18
nolja_0810,11398,24,157,난이도존,18
nolja_0810,11402,24,157,난이도존,18
nolja_0810,11407,24,157,난이도존,18
nolja_0810,11408,24,157,난이도존,18
nolja_0814,518,1,135,곡선택아님,
nolja_0814,711,3,135,난이도존?,
nolja_0814,717,11,135,난이도존?,
nolja_0814,722,17,135,난이도존?,
nolja_0814,726,23,135,난이도존?,
nolja_0814,731,29,135,난이도존?,
nolja_0814,735,35,135,난이도존?,
nolja_0814,741,43,135,난이도존?,
nolja_0814,749,57,135,난이도존?,
nolja_0814,753,63,135,난이도존?,
nolja_0814,760,75,135,난이도존?,
nolja_0814,771,93,135,난이도존?,
nolja_0814,774,99,135,난이도존?,
nolja_0814,780,109,135,난이도존?,
nolja_0814,781,111,135,난이도존?,
nolja_0814,788,79,79,난이도존,13
nolja_0814,793,66,79,난이도존,13
nolja_0814,975,130,135,난이도존?,
nolja_0814,976,128,135,난이도존?,
nolja_0814,983,116,135,난이도존?,
nolja_0814,984,114,135,난이도존?,
nolja_0814,1571,1,19,난이도존,01
nolja_0814,1576,1,19,난이도존,01
nolja_0814,1581,1,19,난이도존,01
nolja_0814,1585,1,30,곡선택아님,
nolja_0814,1589,28,30,난이도존,02
nolja_0814,1594,22,30,난이도존,02
nolja_0814,1605,1,91,난이도존,03
nolja_0814,1606,1,91,난이도존,03
nolja_0814,1610,3,91,난이도존,03
nolja_0814,1623,61,91,난이도존,03
nolja_0814,1814,1,169,곡선택아님,
nolja_0814,1817,6,154,난이도존,04
nolja_0814,1821,33,154,난이도존,04
nolja_0814,1835,115,154,난이도존,04
nolja_0814,1844,150,154,난이도존,04
nolja_0814,1846,2,90,난이도존,05
nolja_0814,1858,58,80,난이도존,05
nolja_0814,1859,59,80,난이도존,05
nolja_0814,1862,79,80,난이도존,05
nolja_0814,1863,79,80,난이도존,05
nolja_0814,1871,30,96,난이도존,06
nolja_0814,1881,89,96,난이도존,06
nolja_0814,2067,1,121,난이도존,15
nolja_0814,2074,2,145,난이도존,07
nolja_0814,2079,30,145,난이도존,07
nolja_0814,2087,79,145,난이도존,07
nolja_0814,2091,102,148,난이도존,07
nolja_0814,2092,103,145,난이도존,07
nolja_0814,2113,76,90,난이도존,08
nolja_0814,2142,62,65,난이도존,14
nolja_0814,2143,60,65,난이도존,14
nolja_0814,2310,60,65,난이도존,14
nolja_0814,2311,60,65,난이도존,14
nolja_0814,2315,60,65,난이도존,14
nolja_0814,2316,60,65,난이도존,14
nolja_0814,2324,8,107,난이도존,11
nolja_0814,2339,82,107,난이도존,11
nolja_0814,2343,98,107,난이도존,11
nolja_0814,2360,78,111,난이도존,12
nolja_0814,2364,100,111,난이도존,12
nolja_0814,2366,1,79,곡선택아님,
nolja_0814,2372,26,79,난이도존,13
nolja_0814,2380,74,79,난이도존,13
nolja_0814,2579,3,121,난이도존,15
nolja_0814,2580,3,121,난이도존,15
nolja_0814,2584,23,121,난이도존,15
nolja_0814,2593,61,121,난이도존,15
nolja_0814,2595,62,121,난이도존,15
nolja_0814,2598,81,121,난이도존,15
nolja_0814,2605,20,65,난이도존,14
nolja_0814,2611,37,65,난이도존,14
nolja_0814,2614,65,65,난이도존,14
nolja_0814,2619,3,65,난이도존,14
nolja_0814,2816,2,172,난이도존,16
nolja_0814,2824,99,172,난이도존,16
nolja_0814,2829,86,176,난이도존,16
nolja_0814,2831,89,176,난이도존,16
nolja_0814,2834,117,179,난이도존,16
nolja_0814,2835,117,176,난이도존,16
nolja_0814,2836,119,172,난이도존,16
nolja_0814,2853,96,177,난이도존,17
nolja_0814,2857,56,177,난이도존,17
nolja_0814,2862,83,177,난이도존,17
nolja_0814,2863,83,177,난이도존,17
nolja_0814,2870,126,172,곡선택아님,
nolja_0814,2875,137,176,난이도존,16
nolja_0814,3059,1,157,곡선택아님,
nolja_0814,3060,1,157,난이도존,18
nolja_0814,3066,33,167,난이도존,18
nolja_0814,3070,60,157,난이도존,18
nolja_0814,3076,92,157,시리즈존,
nolja_0814,3091,2,149,난이도존,19
nolja_0814,3096,31,149,난이도존,19
nolja_0814,3097,32,149,난이도존,19
nolja_0814,3101,59,149,난이도존,19
nolja_0814,3105,82,149,난이도존,19
nolja_0814,3106,82,149,난이도존,19
nolja_0814,3123,1,176,난이도존,16
nolja_0814,3124,1,176,난이도존,16
nolja_0814,3287,1,149,난이도존,19
nolja_0814,3296,65,149,난이도존,19
nolja_0814,3301,86,149,난이도존,19
nolja_0814,3329,84,120,난이도존,20
nolja_0814,3336,2,132,난이도존,21
nolja_0814,3354,90,132,시리즈존,
nolja_0814,3357,116,132,난이도존,21
nolja_0814,3358,116,132,난이도존,21
nolja_0814,3360,1,92,난이도존,22
nolja_0814,3374,43,121,난이도존,15
nolja_0814,3543,43,121,곡선택아님,
nolja_0814,3546,1,92,곡선택아님,
nolja_0814,3551,16,92,난이도존,22
nolja_0814,3554,38,92,난이도존,22
nolja_0814,3563,83,92,난이도존,22
nolja_0814,3579,7,23,난이도존,24
nolja_0814,3583,14,23,난이도존,24
nolja_0814,3588,1,11,곡선택아님,
nolja_0814,3594,9,11,난이도존,25
nolja_0814,3604,1,7,곡선택아님,
nolja_0814,3609,4,7,난이도존,05
nolja_0814,3619,43,121,난이도존,15
nolja_0814,3806,42,121,난이도존,15
nolja_0814,3807,42,121,난이도존,15
nolja_0814,3811,42,121,난이도존,15
nolja_0814,3812,42,121,난이도존,15
nolja_0814,4263,1,15,난이도존,06
nolja_0814,4264,1,15,난이도존,06
nolja_0814,4270,13,15,난이도존,06
nolja_0814,4282,2,17,시리즈존,
nolja_0814,4283,1,17,난이도존,08
nolja_0814,4290,13,17,난이도존,08
nolja_0814,4292,1,12,곡선택아님,
nolja_0814,4293,2,16,난이도존,09
nolja_0814,4296,7,16,난이도존,09
nolja_0814,4302,2,35,난이도존,10
nolja_0814,4317,1,47,곡선택아님,
nolja_0814,4320,6,47,난이도존,11
nolja_0814,4324,13,47,난이도존,11
nolja_0814,4327,21,47,시리즈존,
nolja_0814,4332,31,47,난이도존,11
nolja_0814,4334,37,47,난이도존,11
nolja_0814,4518,8,16,난이도존,09
nolja_0814,4522,1,61,곡선택아님,
nolja_0814,4527,22,61,난이도존,12
nolja_0814,4532,39,61,시리즈존,
nolja_0814,4542,15,84,시리즈존,
nolja_0814,4556,35,94,난이도존,13
nolja_0814,4557,78,84,난이도존,13
nolja_0814,4572,56,62,난이도존,14
nolja_0814,4797,19,79,난이도존,16
nolja_0814,4802,67,79,난이도존,16
nolja_0814,4815,18,102,난이도존,17
nolja_0814,4828,85,102,난이도존,17
nolja_0814,4832,102,102,난이도존,17
nolja_0814,4844,53,159,난이도존,18
nolja_0814,4848,75,199,난이도존,18
nolja_0814,4851,94,159,난이도존,18
nolja_0814,4860,138,159,시리즈존,
nolja_0814,5045,27,119,난이도존,19
nolja_0814,5046,28,119,난이도존,19
nolja_0814,5054,78,119,난이도존,19
nolja_0814,5055,78,119,난이도존,19
nolja_0814,5059,101,119,난이도존,19
nolja_0814,5070,31,129,난이도존,20
nolja_0814,5075,60,129,난이도존,20
nolja_0814,5079,98,129,난이도존,20
nolja_0814,5080,89,129,난이도존,20
nolja_0814,5090,25,111,난이도존,21
nolja_0814,5094,50,111,난이도존,21
nolja_0814,5096,61,111,난이도존,21
nolja_0814,5099,71,111,난이도존,21
nolja_0814,5101,72,111,난이도존,21
nolja_0814,5308,68,122,시리즈존,
nolja_0814,5312,80,122,난이도존,22
nolja_0814,5319,115,122,난이도존,22
nolja_0814,5331,61,106,난이도존,23
nolja_0814,5332,52,106,난이도존,23
nolja_0814,5341,93,106,난이도존,23
nolja_0814,5349,32,103,시리즈존,
nolja_0814,5585,17,85,난이도존,25
nolja_0814,5601,18,29,난이도존,26
nolja_0814,5605,26,29,난이도존,26
nolja_0814,5619,10,11,난이도존,27
nolja_0814,5620,10,11,난이도존,27
nolja_0814,5831,8,111,곡선택아님,
nolja_0814,5832,8,111,난이도존,12
nolja_0814,6353,1,107,곡선택아님,
nolja_0814,6354,1,107,난이도존,11
nolja_0814,6363,18,107,난이도존,11
sngl_0810,3709,6,106,난이도존,23
sngl_0810,3711,9,106,난이도존,23
sngl_0810,3723,119,122,난이도존,22
sngl_0810,3729,111,122,난이도존,22
sngl_0810,3730,106,122,난이도존,22
sngl_0810,3737,97,122,난이도존,22
sngl_0810,3741,93,122,난이도존,22
sngl_0810,4267,23,177,난이도존,17
sngl_0810,4269,1,157,곡선택아님,
sngl_0810,4272,151,157,난이도존,18
sngl_0810,4312,143,157,난이도존,18
sngl_0810,4519,2,102,시리즈존,
sngl_0810,4523,6,102,난이도존,24
sngl_0810,4525,5,102,난이도존,24
sngl_0810,4529,4,102,난이도존,24
sngl_0810,4671,10,109,난이도존,21
sngl_0810,4679,20,109,난이도존,21
sngl_0810,4681,25,109,난이도존,21
sngl_0810,4694,51,109,난이도존,21
sngl_0810,4885,1,106,곡선택아님,
sngl_0810,4889,1,106,난이도존,23
sngl_0810,4904,30,106,난이도존,23
sngl_0810,4906,31,106,난이도존,23
sngl_0810,5261,4,79,난이도존,16
sngl_0810,5262,6,79,난이도존,16
sngl_0810,5264,9,79,난이도존,16
sngl_0810,5267,9,79,난이도존,16
sngl_0811,200,18,79,난이도존,16
sngl_0811,204,18,79,난이도존,16
sngl_0811,213,26,102,난이도존,17
sngl_0811,217,33,102,난이도존,17
sngl_0811,222,39,102,난이도존,17
sngl_0811,224,95,102,난이도존,17
sngl_0811,233,67,102,난이도존,17
sngl_0811,236,73,102,난이도존,17
sngl_0811,238,75,102,난이도존,17
sngl_0811,243,77,102,난이도존,17
sngl_0811,246,81,102,난이도존,17
sngl_0811,248,82,102,난이도존,17
sngl_0811,249,82,102,난이도존,17
sngl_0811,253,82,102,난이도존,17
sngl_0811,254,82,102,난이도존,17
sngl_0811,258,82,102,난이도존,17
sngl_0811,259,82,102,난이도존,17
sngl_0811,272,38,102,난이도존,17
sngl_0811,279,75,102,난이도존,17
sngl_0811,442,93,102,난이도존,17
sngl_0811,447,93,102,난이도존,17
sngl_0811,452,83,102,난이도존,17
sngl_0811,457,83,102,난이도존,17
sngl_0811,462,83,102,난이도존,17
sngl_0811,467,93,102,난이도존,17
sngl_0811,472,93,102,난이도존,17
sngl_0811,477,93,102,난이도존,17
sngl_0811,482,93,102,난이도존,17
sngl_0811,487,83,102,난이도존,17
sngl_0811,492,93,102,난이도존,17
sngl_0811,497,93,102,난이도존,17
sngl_0811,502,83,102,난이도존,17
sngl_0811,507,93,102,난이도존,17
sngl_0811,512,93,102,난이도존,17
sngl_0811,517,93,102,난이도존,17
sngl_0811,522,83,102,난이도존,17
sngl_0811,689,93,102,곡선택아님,
sngl_0811,690,93,102,난이도존,17
sngl_0811,694,93,102,난이도존,17
sngl_0811,695,93,102,난이도존,17
sngl_0811,698,1,159,난이도존,18
sngl_0811,724,135,177,난이도존,17
sngl_0811,729,135,177,난이도존,17
sngl_0811,734,135,177,난이도존,17
sngl_0811,739,135,177,난이도존,17
sngl_0811,743,135,177,난이도존,17
sngl_0811,744,135,177,난이도존,17
sngl_0811,745,135,177,난이도존,17
sngl_0811,748,135,177,난이도존,17
sngl_0811,749,135,177,난이도존,17
sngl_0811,750,135,177,난이도존,17
sngl_0811,755,135,177,난이도존,17
sngl_0811,758,135,177,난이도존,17
sngl_0811,760,135,177,난이도존,17
sngl_0811,763,135,177,난이도존,17
sngl_0811,764,135,177,난이도존,17
sngl_0811,765,135,177,난이도존,17
sngl_0811,768,135,177,난이도존,17
sngl_0811,769,135,177,난이도존,17
sngl_0811,770,135,177,난이도존,17
sngl_0811,773,135,177,난이도존,17
sngl_0811,959,3,159,난이도존,18
sngl_0811,969,60,159,난이도존,18
sngl_0811,973,60,159,난이도존,18
sngl_0811,974,60,159,난이도존,18
sngl_0811,978,60,159,난이도존,18
sngl_0811,979,60,159,난이도존,18
sngl_0811,983,80,159,난이도존,18
sngl_0811,984,80,159,난이도존,18
sngl_0811,988,80,159,난이도존,18
sngl_0811,989,60,159,난이도존,18
sngl_0811,993,60,159,난이도존,18
sngl_0811,994,60,159,난이도존,18
sngl_0811,998,80,159,난이도존,18
sngl_0811,999,80,159,난이도존,18
sngl_0811,1003,60,159,난이도존,18
sngl_0811,1004,60,159,난이도존,18
sngl_0811,1008,60,159,난이도존,18
sngl_0811,1009,60,159,난이도존,18
sngl_0811,1013,60,159,난이도존,18
sngl_0811,1014,60,159,난이도존,18
sngl_0811,1018,80,159,난이도존,18
sngl_0811,1019,60,159,난이도존,18
sngl_0811,1023,60,159,난이도존,18
sngl_0811,1024,60,159,난이도존,18
sngl_0811,1028,80,159,난이도존,18
sngl_0811,1029,60,159,난이도존,18
sngl_0811,1033,60,159,난이도존,18
sngl_0811,1034,60,159,난이도존,18
sngl_0811,2552,1,125,곡선택아님,
sngl_0811,3536,4,159,곡선택아님,
sngl_0811,3544,2,119,난이도존,19
sngl_0811,3546,6,118,난이도존,19
sngl_0811,3548,1,125,곡선택아님,
sngl_0811,3552,20,129,난이도존,20
sngl_0811,3567,88,129,난이도존,20
sngl_0811,3572,88,129,난이도존,20
sngl_0811,3577,88,129,난이도존,20
sngl_0811,3582,88,129,난이도존,20
sngl_0811,3587,88,129,난이도존,20
sngl_0811,3592,88,129,난이도존,20
sngl_0811,3597,88,129,난이도존,20
sngl_0811,3602,88,129,난이도존,20
sngl_0811,3780,88,129,난이도존,20
sngl_0811,3785,86,129,난이도존,20
sngl_0811,3790,86,129,난이도존,20
sngl_0811,3795,88,129,난이도존,20
sngl_0811,3843,86,129,곡선택아님,
sngl_0811,4047,14,129,난이도존,20
sngl_0811,4049,14,129,난이도존,20
sngl_0811,4052,14,129,난이도존,20
sngl_0811,4054,14,129,난이도존,20
sngl_0811,4057,14,129,난이도존,20
sngl_0811,4059,14,129,난이도존,20
sngl_0811,4069,29,79,난이도존,16
sngl_0811,4310,56,79,난이도존,16
sngl_0811,4311,56,79,난이도존,16
sngl_0811,4312,56,79,난이도존,16
sngl_0811,4315,56,79,난이도존,16
sngl_0811,4316,56,79,난이도존,16
sngl_0811,4320,56,79,난이도존,16
sngl_0811,4321,56,79,난이도존,16
sngl_0811,4322,56,79,난이도존,16
sngl_0811,4325,56,79,난이도존,16
sngl_0811,4326,56,79,난이도존,16
sngl_0811,4327,56,79,난이도존,16
sngl_0811,4330,56,79,난이도존,16
sngl_0811,4331,56,79,난이도존,16
sngl_0811,4332,56,79,난이도존,16
sngl_0811,4335,56,79,난이도존,16
sngl_0811,4336,56,79,난이도존,16
sngl_0811,4337,56,79,난이도존,16
sngl_0811,4340,56,79,난이도존,16
sngl_0811,4341,56,79,난이도존,16
sngl_0811,4358,80,129,난이도존,20
sngl_0811,4359,68,169,난이도존,20
sngl_0811,4362,86,129,난이도존,20
sngl_0811,4363,86,129,난이도존,20
sngl_0811,4367,86,129,난이도존,20
sngl_0811,4368,86,129,난이도존,20
sngl_0811,4372,86,129,난이도존,20
sngl_0811,4373,86,129,난이도존,20
sngl_0811,4377,86,129,난이도존,20
sngl_0811,4378,86,129,난이도존,20
sngl_0811,4382,86,129,난이도존,20
sngl_0811,4383,86,129,난이도존,20
sngl_0811,4568,86,129,난이도존,20
sngl_0811,4569,86,129,난이도존,20
sngl_0811,4573,86,129,난이도존,20
sngl_0811,4574,86,129,난이도존,20
sngl_0811,4578,86,129,난이도존,20
sngl_0811,4579,86,129,난이도존,20
sngl_0811,4583,86,129,난이도존,20
sngl_0811,4584,86,129,난이도존,20
sngl_0811,4585,86,129,난이도존,20
sngl_0811,4588,86,129,난이도존,20
sngl_0811,4589,86,129,난이도존,20
sngl_0811,4593,86,129,난이도존,20
sngl_0811,4594,86,129,난이도존,20
sngl_0811,4597,1,119,난이도존,19
sngl_0811,4598,1,118,난이도존,19
sngl_0811,4601,1,116,난이도존,19
sngl_0811,4602,1,118,난이도존,19
sngl_0811,4603,1,116,난이도존,19
sngl_0811,4606,1,118,난이도존,19
sngl_0811,4607,1,116,난이도존,19
sngl_0811,4608,1,116,난이도존,19
sngl_0811,4620,80,118,난이도존,19
sngl_0811,4622,80,118,난이도존,19
sngl_0811,4625,80,116,난이도존,19
sngl_0811,4627,80,116,난이도존,19
sngl_0811,4630,80,118,난이도존,19
sngl_0811,4632,90,118,난이도존,19
sngl_0811,4635,80,116,난이도존,19
sngl_0811,4637,90,118,난이도존,19
sngl_0811,4640,80,116,난이도존,19
sngl_0811,4642,90,116,난이도존,19
sngl_0811,4645,90,118,난이도존,19
sngl_0811,4647,80,116,난이도존,19
